Date,BlockP,BlockT,C1P,C1T,C1L,C2P,C2T,C2interfacial_L,С2petrol_L,OH1T,OH1interfacial_L,OH1P,C3T,C3L,P1Tinput,P1Toutput,P1Pinput,P1Poutput,P1Тcoolant,P1Tgases,P1Рburner,P2Tinput,P2Toutput,P2Pinput,P2Poutput,P2Tcoolant,P2Tgases,P2Pburner,BEV1L,BEV1V_water,BEV1V_petrol,BEV1T_water,Water,Vlagomer
2023-01-01 00:00:00,6.3,15,6.0,14.0,80,4.5,54.0,64,73,1.2,48.0,50,24,9,34.4,56.1,5.2,4.8,59.1,259.7,0.2,0.0,0.0,0.0,0.0,0.0,0.0,0.0,114,35.38,0,33,,0.15
2023-01-01 02:00:00,6.2,15,5.8,14.0,67,4.6,50.0,64,73,1.2,47.0,50,24,9,30.7,59.4,5.2,4.8,62.0,150.6,0.0,0.0,0.0,0.0,0.0,0.0,0.0,0.0,122,38.757,0,33,2.235436,0.14
2023-01-01 04:00:00,6.5,15,5.7,14.0,65,4.6,48.0,63,73,1.3,45.0,50,24,9,29.9,57.3,5.0,4.7,60.5,143.4,0.0,0.0,0.0,0.0,0.0,0.0,0.0,0.0,135,44.315,0,33,2.010541000000001,0.14
2023-01-01 06:00:00,6.6,15,5.8,14.0,66,4.6,46.0,63,73,1.3,43.0,51,23,9,29.6,55.4,5.1,4.8,58.4,135.3,0.0,0.0,0.0,0.0,0.0,0.0,0.0,0.0,148,49.922,0,33,2.1416209999999984,0.12
2023-01-01 08:00:00,6.2,15,5.7,14.0,66,4.6,45.0,63,73,1.1,41.0,51,23,9,30.3,59.2,5.1,4.8,61.9,154.7,0.0,0.0,0.0,0.0,0.0,0.0,0.0,0.0,160,55.105,0,33,2.1258740000000005,0.08
2023-01-01 10:00:00,6.3,15,5.8,14.0,66,4.5,45.0,63,73,1.1,41.0,51,23,9,28.3,55.8,5.1,4.8,59.2,137.8,0.0,0.0,0.0,0.0,0.0,0.0,0.0,0.0,178,62.816,0,33,2.0031750000000006,0.11
2023-01-01 12:00:00,6.0,15,5.6,14.0,66,4.5,45.0,63,73,1.0,48.0,51,23,9,23.2,54.7,5.1,4.8,57.7,135.3,0.0,0.0,0.0,0.0,0.0,0.0,0.0,0.0,191,68.282,0,33,2.111838,0.1
2023-01-01 14:00:00,6.2,15,5.9,14.0,66,4.6,46.0,63,73,1.1,47.0,51,23,9,33.0,54.9,5.1,4.8,57.7,135.2,0.0,0.0,0.0,0.0,0.0,0.0,0.0,0.0,199,71.58,0,33,2.1629359999999997,0.09
2023-01-01 16:00:00,6.3,15,5.6,14.0,66,4.5,48.0,63,73,1.1,45.0,51,23,9,31.6,55.1,5.1,4.8,58.1,134.5,0.0,0.0,0.0,0.0,0.0,0.0,0.0,0.0,212,76.797,0,33,2.108909,0.09
2023-01-01 18:00:00,6.2,15,5.5,14.0,66,4.5,46.0,63,73,1.2,43.0,51,23,9,29.3,54.3,5.1,4.8,57.2,134.3,0.0,0.0,0.0,0.0,0.0,0.0,0.0,0.0,218,79.134,0,33,2.142520000000001,0.11
2023-01-01 20:00:00,6.2,15,5.8,14.0,65,4.6,45.0,63,73,1.1,42.0,52,23,9,28.2,57.7,5.1,4.7,61.0,143.1,0.0,0.0,0.0,0.0,0.0,0.0,0.0,0.0,226,82.167,0,33,2.0340599999999984,0.09
2023-01-02 00:00:00,6.4,15,5.9,14.0,65,4.7,50.0,63,74,0.8,46.0,52,24,9,24.3,57.2,5.0,4.8,60.1,134.7,0.0,0.0,0.0,0.0,0.0,0.0,0.0,0.0,123,39.182,0,33,2.0531419999999985,0.1
2023-01-02 02:00:00,6.2,15,5.8,14.0,67,4.6,50.0,64,73,1.2,47.0,50,24,9,31.0,56.5,5.0,4.7,59.4,133.0,0.0,0.0,0.0,0.0,0.0,0.0,0.0,0.0,131,42.598,0,33,1.9977930000000013,0.1
2023-01-02 04:00:00,6.1,15,5.7,14.0,66,4.5,46.0,63,73,0.7,43.0,52,23,9,28.9,55.1,5.1,4.8,57.9,127.3,0.0,0.0,0.0,0.0,0.0,0.0,0.0,0.0,143,47.763,0,33,1.931319599999999,0.09
2023-01-02 06:00:00,6.3,15,5.7,14.0,65,4.6,53.0,64,73,1.2,47.0,52,23,9,32.1,54.2,5.1,4.7,57.0,128.0,0.0,0.0,0.0,0.0,0.0,0.0,0.0,0.0,152,51.651,0,33,1.9446994000000004,0.1
2023-01-02 08:00:00,6.0,15,5.5,14.0,65,4.5,48.0,64,73,1.1,45.0,52,23,9,31.1,55.9,5.1,4.7,59.0,256.6,0.0,0.0,0.0,0.0,0.0,0.0,0.0,0.0,160,55.105,0,33,1.9418265999999988,0.08
2023-01-02 10:00:00,6.0,15,5.7,14.0,65,4.6,55.0,64,73,1.1,47.0,52,23,9,32.6,57.5,5.1,4.7,60.8,134.9,0.0,0.0,0.0,0.0,0.0,0.0,0.0,0.0,174,61.114,0,33,1.905810200000002,0.07
2023-01-02 12:00:00,6.2,15,5.8,14.0,65,4.5,50.0,64,73,1.2,46.0,52,23,9,32.7,56.8,5.1,4.7,59.7,255.6,0.0,0.0,0.0,0.0,0.0,0.0,0.0,0.0,181,64.087,0,33,1.9411349999999985,0.1
2023-01-02 14:00:00,6.3,15,5.8,14.0,65,4.5,47.0,64,73,0.9,43.0,52,23,9,31.7,57.5,5.1,4.7,60.5,134.9,0.0,0.0,0.0,0.0,0.0,0.0,0.0,0.0,192,68.697,0,33,1.9277286,0.1
2023-01-02 16:00:00,6.2,15,5.8,14.0,65,4.5,46.0,64,73,1.1,42.0,52,23,9,29.3,55.8,5.1,4.7,58.8,131.0,0.0,0.0,0.0,0.0,0.0,0.0,0.0,0.0,206,74.413,0,33,1.9561374000000007,0.09
2023-01-02 18:00:00,6.2,15,5.8,14.0,65,4.5,54.0,64,73,1.0,48.0,52,23,9,22.5,55.7,5.1,4.7,58.5,129.2,0.0,0.0,0.0,0.0,0.0,0.0,0.0,0.0,218,79.134,0,33,1.8708046000000025,0.11
2023-01-02 20:00:00,6.0,15,5.6,14.0,65,4.5,51.0,64,73,1.1,46.0,53,23,9,32.1,55.5,5.14,4.7,58.1,127.2,0.0,0.0,0.0,0.0,0.0,0.0,0.0,0.0,221,80.283,0,33,1.9683733999999984,0.1
2023-01-03 00:00:00,6.3,15,5.9,14.0,66,4.5,45.0,64,73,1.1,40.0,53,22,9,27.6,58.0,5.1,4.7,61.3,142.0,0.0,0.0,0.0,0.0,0.0,0.0,0.0,0.0,108,32.877,0,33,1.9615638000000013,0.09
2023-01-03 02:00:00,6.2,15,5.8,14.0,67,4.6,50.0,64,73,1.2,47.0,50,24,9,32.7,55.7,5.0,4.7,58.4,130.7,0.0,0.0,0.0,0.0,0.0,0.0,0.0,0.0,122,38.757,0,33,1.4908760999999997,0.1
2023-01-03 04:00:00,6.4,15,6.0,14.0,65,4.6,49.0,64,73,1.2,47.0,53,24,9,31.6,54.9,5.0,4.7,57.7,129.5,0.0,0.0,0.0,0.0,0.0,0.0,0.0,0.0,133,43.456,0,33,1.5195869999999994,0.1
2023-01-03 06:00:00,6.1,15,5.8,14.0,65,4.5,46.0,64,73,1.2,43.0,53,24,9,29.4,56.8,5.0,4.7,60.3,258.7,0.2,0.0,0.0,0.0,0.0,0.0,0.0,0.0,147,49.49,0,33,1.4156315999999998,0.11
2023-01-03 08:00:00,6.2,15,5.9,14.0,85,4.6,55.0,64,73,1.1,45.0,53,24,9,30.5,57.5,5.0,4.7,60.2,133.2,0.0,0.0,0.0,0.0,0.0,0.0,0.0,0.0,156,53.379,0,33,1.4865290999999996,0.1
2023-01-03 10:00:00,6.3,15,5.9,14.0,66,4.5,52.0,64,73,1.1,48.0,53,24,9,33.5,55.2,5.0,4.7,58.3,130.1,0.0,0.0,0.0,0.0,0.0,0.0,0.0,0.0,169,58.975,0,33,1.417577400000001,0.09
2023-01-03 12:00:00,6.3,15,5.9,14.0,65,4.4,48.0,64,73,1.2,43.0,53,24,9,30.0,55.5,5.0,4.7,58.3,133.0,0.0,0.0,0.0,0.0,0.0,0.0,0.0,0.0,178,62.816,0,33,1.6056575999999996,0.09
2023-01-03 14:00:00,6.1,15,5.8,14.0,65,4.5,46.0,64,73,1.1,42.0,53,24,9,30.4,53.3,5.0,4.7,56.9,217.2,0.2,0.0,0.0,0.0,0.0,0.0,0.0,0.0,192,68.697,0,33,1.5342632999999992,0.11
2023-01-03 16:00:00,6.3,15,5.9,14.0,65,4.6,45.0,64,73,1.1,46.0,53,24,9,33.5,57.8,5.0,4.7,60.8,137.8,0.0,0.0,0.0,0.0,0.0,0.0,0.0,0.0,207,74.814,0,33,1.5018678,0.1
2023-01-03 18:00:00,6.2,15,5.8,14.0,65,4.4,48.0,64,73,1.3,45.0,53,24,9,31.3,58.3,5.0,4.7,61.7,146.9,0.0,0.0,0.0,0.0,0.0,0.0,0.0,0.0,221,80.283,0,33,1.4456052,0.08
2023-01-03 20:00:00,6.1,15,5.7,14.0,64,4.6,47.0,64,73,1.2,43.0,50,23,9,29.9,55.3,5.0,4.7,58.2,131.7,0.0,0.0,0.0,0.0,0.0,0.0,0.0,0.0,125,40.033,0,33,1.6016211,0.08
2023-01-04 00:00:00,6.5,15,6.0,14.0,69,4.4,51.0,64,73,1.3,44.0,50,24,9,32.4,55.0,5.1,4.6,58.9,132.8,0.0,0.0,0.0,0.0,0.0,0.0,0.0,0.0,149,50.354,0,33,1.6572213000000005,0.1
2023-01-04 02:00:00,6.6,15,5.9,14.0,65,4.6,47.0,64,73,1.3,43.0,51,24,9,31.6,54.4,5.2,4.9,57.5,131.6,0.0,0.0,0.0,0.0,0.0,0.0,0.0,0.0,154,52.515,0,33,2.6515244,0.1
2023-01-04 04:00:00,6.4,15,5.8,14.0,65,4.6,47.0,65,73,1.3,40.0,51,24,9,30.1,54.1,5.1,4.8,57.0,143.9,0.0,0.0,0.0,0.0,0.0,0.0,0.0,0.0,168,58.546,0,33,2.3086012000000005,0.1
2023-01-04 06:00:00,6.2,15,5.8,14.0,65,4.5,52.0,65,73,1.2,48.0,51,24,9,32.0,56.9,5.1,4.8,60.0,136.4,0.0,0.0,0.0,0.0,0.0,0.0,0.0,0.0,181,64.087,0,33,2.2988051999999985,0.11
2023-01-04 08:00:00,6.3,15,5.7,14.0,65,4.6,49.0,65,73,1.2,45.0,51,24,9,31.0,56.2,5.1,4.8,59.1,135.0,0.0,0.0,0.0,0.0,0.0,0.0,0.0,0.0,196,70.35,0,33,2.3604568,0.09
2023-01-04 10:00:00,6.7,15,6.1,14.0,65,4.7,51.0,65,73,1.3,44.0,52,24,9,30.5,53.9,5.4,5.0,57.3,246.9,0.2,0.0,0.0,0.0,0.0,0.0,0.0,0.0,209,75.611,0,33,2.3883280000000005,0.1
2023-01-04 12:00:00,6.6,15,6.1,14.0,65,4.8,55.0,65,73,1.4,50.0,52,24,9,34.1,57.8,5.4,5.0,61.2,142.5,0.0,0.0,0.0,0.0,0.0,0.0,0.0,0.0,223,81.042,0,33,2.712986399999998,0.1
2023-01-04 14:00:00,6.7,15,6.2,14.0,65,4.8,51.0,65,73,1.3,48.0,52,24,9,32.4,56.7,5.4,5.0,59.7,134.1,0.0,0.0,0.0,0.0,0.0,0.0,0.0,0.0,231,84.009,0,33,2.798654000000003,0.08
2023-01-04 16:00:00,6.4,15,6.0,14.0,65,4.6,47.0,65,73,1.4,45.0,52,24,9,30.7,55.0,5.4,5.0,58.3,131.6,0.0,0.0,0.0,0.0,0.0,0.0,0.0,0.0,120,37.909,0,33,2.638568399999999,0.11
2023-01-04 18:00:00,6.1,15,5.7,14.0,65,4.5,47.0,65,73,1.1,44.0,52,24,9,31.4,56.2,5.4,5.0,59.0,131.8,0.0,0.0,0.0,0.0,0.0,0.0,0.0,0.0,129,41.741,0,33,2.3865583999999997,0.11
2023-01-04 20:00:00,6.2,15,5.9,14.0,64,4.6,51.0,64,72,0.7,47.0,52,24,9,26.8,55.6,5.1,4.8,58.1,130.4,0.0,0.0,0.0,0.0,0.0,0.0,0.0,0.0,143,47.763,0,33,2.1767028000000006,0.12
2023-01-05 00:00:00,6.2,15,5.7,14.0,65,4.5,45.0,63,73,1.2,41.0,52,23,9,29.7,55.5,5.1,4.8,59.9,263.6,0.2,0.0,0.0,0.0,0.0,0.0,0.0,0.0,171,59.832,0,33,2.2148755999999987,0.11
2023-01-05 02:00:00,6.0,15,5.6,14.0,67,4.5,52.0,66,73,1.2,44.0,52,23,9,31.8,58.2,4.9,4.6,60.9,136.9,0.0,0.0,0.0,0.0,0.0,0.0,0.0,0.0,141,46.899,0,33,1.8202032000000008,0.12
2023-01-05 04:00:00,6.2,15,5.9,14.0,66,4.5,48.0,64,73,1.2,43.0,52,23,9,30.9,57.0,5.0,4.7,59.7,132.4,0.0,0.0,0.0,0.0,0.0,0.0,0.0,0.0,153,52.083,0,33,1.8101172,0.12
2023-01-05 06:00:00,6.3,15,5.9,14.0,66,4.5,48.0,64,73,1.0,43.0,52,23,9,28.9,55.0,5.1,4.8,57.6,122.6,0.0,0.0,0.0,0.0,0.0,0.0,0.0,0.0,167,58.117,0,33,1.8153077999999996,0.1
2023-01-05 08:00:00,6.3,15,5.9,14.0,66,4.4,51.0,64,73,1.2,46.0,52,23,9,27.4,56.5,5.1,4.8,60.0,140.9,0.0,0.0,0.0,0.0,0.0,0.0,0.0,0.0,180,63.664,0,33,1.7994408000000015,0.08
2023-01-05 10:00:00,6.1,15,5.8,14.0,65,4.6,46.0,63,73,1.0,44.0,52,23,9,26.4,55.8,5.1,4.8,58.7,263.4,0.2,0.0,0.0,0.0,0.0,0.0,0.0,0.0,189,67.449,0,33,1.8281981999999972,0.1
2023-01-05 12:00:00,6.0,15,5.7,14.0,65,4.4,51.0,63,73,1.1,47.0,52,23,9,27.9,53.6,5.1,4.8,57.2,252.2,0.2,0.0,0.0,0.0,0.0,0.0,0.0,0.0,203,73.205,0,33,1.780498800000001,0.09
2023-01-05 14:00:00,6.3,15,5.9,14.0,65,4.5,47.0,63,73,1.0,44.0,52,23,9,25.8,56.8,5.1,4.8,59.5,136.8,0.0,0.0,0.0,0.0,0.0,0.0,0.0,0.0,212,76.797,0,33,1.7697732000000015,0.11
2023-01-05 16:00:00,6.4,15,5.9,14.0,65,4.4,51.0,63,73,1.1,47.0,52,23,9,26.4,59.0,5.1,4.8,61.7,154.3,0.0,0.0,0.0,0.0,0.0,0.0,0.0,0.0,227,82.539,0,33,1.9139537999999996,0.1
2023-01-05 18:00:00,6.2,15,5.9,14.0,69,4.5,47.0,63,73,1.1,44.0,52,23,9,25.1,56.9,5.1,4.8,59.7,134.1,0.0,0.0,0.0,0.0,0.0,0.0,0.0,0.0,118,37.064,0,33,1.7528237999999996,0.1
2023-01-05 20:00:00,6.6,15,5.7,14.0,67,4.6,48.0,64,73,1.1,44.0,52,23,9,26.9,57.3,4.9,4.6,60.4,138.1,0.0,0.0,0.0,0.0,0.0,0.0,0.0,0.0,128,41.314,0,33,1.8451722,0.14
2023-01-06 00:00:00,6.6,15,6.0,14.0,66,4.6,52.0,64,73,1.3,43.0,53,28,9,28.2,54.6,5.1,4.8,58.8,134.4,0.0,0.0,0.0,0.0,0.0,0.0,0.0,0.0,151,51.219,0,33,1.823721,0.12
2023-01-06 02:00:00,6.0,15,5.8,14.0,66,4.5,46.0,65,73,1.2,42.0,53,28,9,26.3,56.2,4.9,4.6,59.4,260.0,0.2,0.0,0.0,0.0,0.0,0.0,0.0,0.0,164,56.828,0,33,1.7826731,0.12
2023-01-06 04:00:00,6.6,15,5.9,14.0,67,4.5,43.0,64,73,1.1,40.0,53,26,9,0.0,0.0,0.0,0.0,0.0,0.0,0.0,24.6,55.4,4.9,4.6,58.5,275.8,0.2,177,62.391,0,33,1.7413993999999997,0.1
2023-01-06 06:00:00,6.2,15,5.9,14.0,67,4.5,43.0,64,73,1.0,40.0,53,26,9,0.0,0.0,0.0,0.0,0.0,0.0,0.0,23.9,55.5,4.9,4.6,58.1,123.0,0.0,190,67.866,0,33,1.6364738000000003,0.11
2023-01-06 08:00:00,6.2,15,5.9,14.0,67,4.4,43.0,64,73,1.1,40.0,53,26,9,0.0,0.0,0.0,0.0,0.0,0.0,0.0,23.4,56.7,4.9,4.6,59.4,124.7,0.0,199,71.58,0,33,1.7565158000000007,0.08
2023-01-06 10:00:00,6.3,15,6.0,14.0,67,4.4,56.0,64,73,1.1,47.0,53,26,9,27.0,58.6,4.9,4.6,62.1,135.6,0.0,0.0,0.0,0.0,0.0,0.0,0.0,0.0,145,48.626,0,33,1.8206864000000005,0.09
2023-01-06 12:00:00,6.4,15,6.0,14.0,68,4.5,47.0,64,73,1.0,47.0,53,26,9,27.4,56.0,4.9,4.6,59.7,246.7,0.2,0.0,0.0,0.0,0.0,0.0,0.0,0.0,158,54.242,0,33,1.8349135999999984,0.1
2023-01-06 14:00:00,6.5,15,6.2,14.0,66,4.4,46.0,64,73,1.1,43.0,53,26,9,25.0,56.4,5.0,4.7,59.6,132.2,0.0,0.0,0.0,0.0,0.0,0.0,0.0,0.0,166,57.688,0,33,1.859490100000002,0.1
2023-01-06 16:00:00,6.3,15,6.0,14.0,66,4.4,50.0,64,73,1.0,42.0,53,26,9,25.8,57.9,5.0,4.7,57.9,133.9,0.0,0.0,0.0,0.0,0.0,0.0,0.0,0.0,179,63.24,0,33,1.779486799999999,0.08
2023-01-06 18:00:00,6.4,15,6.0,14.0,66,4.6,50.0,65,74,1.0,46.0,53,28,9,25.5,58.4,5.1,4.8,61.6,51.1,0.0,0.0,0.0,0.0,0.0,0.0,0.0,0.0,193,69.112,0,33,1.7554784000000003,0.11
2023-01-06 20:00:00,6.3,15,6.0,14.0,65,4.5,47.0,63,73,1.1,43.0,53,28,9,0.0,0.0,0.0,0.0,0.0,0.0,0.0,26.5,58.8,4.9,4.6,60.7,113.5,0.0,204,73.609,0,33,1.8723835,0.09
2023-01-08 00:00:00,6.4,15,6.1,14.0,75,4.2,51.0,63,73,1.1,48.0,53,28,9,29.9,57.6,4.8,4.6,61.2,116.0,0.2,30.7,57.5,4.9,4.6,58.2,88.5,0.2,181,64.087,0,42,1.8726658,0.16
2023-01-08 02:00:00,6.3,15,6.0,14.0,66,4.1,43.0,64,73,1.0,41.0,53,24,9,29.0,57.1,4.8,4.7,59.6,110.2,0.2,28.5,57.7,4.9,4.7,57.7,90.6,0.2,199,71.58,0,33,1.7714969999999994,0.15
2023-01-08 04:00:00,6.3,15,6.0,14.0,66,4.1,43.0,64,73,1.0,41.0,53,24,9,29.0,53.7,4.8,4.6,56.9,214.0,0.2,30.0,57.5,4.9,4.7,59.1,92.5,0.2,213,77.19,0,33,1.6861104000000011,0.15
2023-01-08 06:00:00,6.3,15,5.8,14.0,68,4.5,58.0,63,73,1.1,52.0,53,30,9,28.4,57.2,4.9,4.6,59.7,113.8,0.2,29.0,57.9,4.9,4.6,59.3,93.2,0.2,220,79.902,0,33,1.6823195999999987,0.15
2023-01-08 08:00:00,6.4,15,6.0,14.0,73,4.6,57.0,63,73,1.1,51.0,47,30,9,29.7,58.7,4.9,4.6,60.2,117.5,0.2,29.5,57.8,4.9,4.6,59.2,91.7,0.2,150,50.786,0,33,1.5982434,0.12
2023-01-08 10:00:00,6.4,15,6.0,14.0,71,4.6,56.0,63,73,1.1,51.0,47,30,9,27.6,59.4,4.9,4.6,61.8,134.6,0.2,24.9,57.9,4.9,4.6,59.5,90.9,0.2,90,25.567,0,33,1.7085977999999995,0.12
2023-01-08 12:00:00,6.4,15,6.0,14.0,65,4.5,56.0,63,73,1.1,52.0,47,31,9,29.3,57.1,4.9,4.6,60.0,263.6,0.2,29.7,57.4,4.9,4.6,59.1,91.1,0.2,107,32.462,0,33,1.725352200000001,0.15
2023-01-08 14:00:00,6.4,15,6.0,14.0,67,4.6,57.0,63,73,1.1,52.0,47,31,9,30.6,55.1,4.9,4.6,57.8,111.3,0.2,30.6,58.0,4.9,4.6,59.8,95.6,0.2,118,37.064,0,33,1.7271774,0.15
2023-01-08 16:00:00,6.4,15,5.9,14.0,58,4.4,57.0,63,73,1.1,52.0,47,31,9,29.6,55.7,4.9,4.6,58.1,104.1,0.2,29.5,58.3,4.9,4.6,59.8,91.0,0.2,132,43.027,0,33,1.7793827999999996,0.12
2023-01-08 18:00:00,6.4,15,5.9,14.0,66,4.4,57.0,63,73,1.1,52.0,47,31,9,20.9,57.6,4.9,4.6,60.1,109.7,0.2,22.8,58.6,4.9,4.6,60.1,92.0,0.2,145,48.626,0,33,1.8075564,0.12
2023-01-08 20:00:00,6.4,15,5.9,14.0,69,4.4,57.0,63,73,1.1,52.0,47,31,9,29.0,54.8,4.9,4.6,57.2,105.0,0.2,29.6,59.0,4.9,4.6,60.5,93.0,0.2,156,53.379,0,33,1.6387487999999997,0.1
2023-01-09 00:00:00,6.4,15,6.1,14.0,68,4.3,58.0,63,73,1.1,52.0,46,31,9,29.0,57.5,4.9,4.6,60.2,117.2,0.2,30.0,58.6,4.9,4.7,60.1,94.7,0.2,177,62.391,0,33,1.7314128,0.1
2023-01-09 02:00:00,6.3,15,6.0,14.0,66,4.1,43.0,64,73,1.0,41.0,53,24,9,28.0,59.0,4.7,4.9,61.6,146.9,0.2,23.8,59.0,4.9,4.7,60.3,95.3,0.2,192,68.697,0,33,1.5283503999999997,0.21
2023-01-09 04:00:00,6.3,15,5.9,13.8,65,4.1,56.0,64,74,0.07,52.0,46,24,9,30.0,58.1,4.8,4.6,61.2,125.8,0.2,31.0,58.5,4.8,4.5,60.0,95.3,0.2,204,73.609,0,33,1.523135200000001,0.22
2023-01-09 06:00:00,6.3,15,5.9,13.8,60,4.1,56.0,64,74,0.07,52.0,46,24,9,29.4,55.0,4.8,4.6,57.5,109.7,0.2,27.9,58.7,4.9,4.6,60.0,95.4,0.2,218,79.134,0,33,1.5702839999999991,0.18
2023-01-09 08:00:00,6.3,15,6.0,13.8,60,4.2,57.0,64,75,0.1,51.0,46,30,9,29.0,58.8,4.9,4.7,60.1,268.1,0.2,29.2,57.5,4.9,4.7,59.7,96.1,0.2,140,46.468,0,33,1.6045643999999983,0.11
2023-01-09 10:00:00,6.3,15,6.0,13.9,60,4.2,57.0,64,75,0.1,52.0,46,31,9,29.7,57.9,4.9,4.6,60.5,225.3,0.2,27.1,58.3,4.8,4.6,59.9,97.2,0.2,107,32.462,0,33,1.5325056000000004,0.1
2023-01-09 12:00:00,6.3,15,6.0,13.9,60,4.2,57.0,64,75,0.1,52.0,46,31,9,28.3,57.9,5.0,4.7,60.5,117.9,0.2,29.3,59.3,5.0,4.7,60.7,97.1,0.2,118,37.064,0,33,1.475986400000001,0.09
2023-01-09 14:00:00,6.3,15,5.9,14.0,63,4.2,57.0,64,75,0.1,52.0,46,32,9,29.0,55.1,5.0,4.7,57.3,105.8,0.2,29.3,59.3,5.0,4.7,60.9,112.5,0.2,129,41.741,0,33,1.5422576,0.09
2023-01-09 16:00:00,6.3,15,5.8,13.9,64,4.2,57.0,64,75,0.1,52.0,48,32,9,29.7,56.4,5.0,4.8,58.9,111.9,0.2,29.3,59.3,5.0,4.7,60.6,141.5,0.2,93,26.761,0,33,1.5742484,0.08
2023-01-09 18:00:00,6.3,15,5.9,13.9,64,4.2,57.0,64,75,0.1,52.0,48,32,9,23.4,55.3,5.0,4.7,58.5,125.1,0.2,24.9,58.4,5.0,4.7,60.5,152.7,0.2,102,30.403,0,33,1.6456711999999991,0.08
2023-01-09 20:00:00,6.3,15,5.9,13.7,57,4.2,58.0,64,73,0.1,52.0,52,32,9,30.0,57.8,4.9,4.6,60.4,116.8,0.2,30.0,59.0,4.9,4.7,60.6,95.0,0.2,110,33.708,0,33,1.5985648000000017,0.09
2023-01-10 00:00:00,6.3,15,6.1,13.7,64,4.2,57.0,64,73,0.1,52.0,52,32,9,28.0,56.8,4.9,4.6,58.6,112.7,0.2,27.5,60.0,4.9,4.6,61.2,96.8,0.2,134,43.885,0,33,1.5093764000000014,0.09
2023-01-10 02:00:00,6.3,15,6.0,14.0,66,4.1,43.0,64,73,1.0,41.0,53,24,9,30.0,57.0,4.7,4.9,59.5,116.3,0.2,31.0,59.0,4.9,4.7,60.3,95.3,0.2,147,49.49,0,33,1.781615500000001,0.08
2023-01-10 04:00:00,6.3,15,5.9,13.6,65,4.1,58.0,64,72,1.0,52.0,53,24,9,28.5,57.7,4.8,4.6,59.3,113.5,0.2,31.0,59.0,4.9,4.7,60.4,94.4,0.2,159,54.673,0,33,1.7980304999999988,0.08
2023-01-10 06:00:00,6.3,15,5.9,13.6,65,4.2,56.8,63,73,1.0,50.5,53,24,9,28.8,58.7,4.8,4.7,61.6,138.2,0.2,31.0,59.3,4.8,4.5,60.4,93.8,0.2,175,61.54,0,33,1.7477810000000014,0.09
2023-01-10 08:00:00,6.3,15,6.0,13.8,65,4.2,58.0,64,73,1.0,50.5,53,30,9,17.3,55.3,4.9,4.6,57.6,106.9,0.2,21.3,58.8,5.0,4.6,60.1,92.1,0.2,190,67.866,0,33,1.7296019999999996,0.08
2023-01-10 10:00:00,6.3,15,6.0,13.8,65,4.2,58.0,64,73,1.0,50.5,53,30,9,22.5,55.9,4.9,4.6,57.8,110.5,0.2,25.7,58.6,5.0,4.6,60.2,95.1,0.2,210,76.008,0,33,1.710443,0.08
2023-01-10 12:00:00,6.3,15,5.8,13.9,65,4.3,58.0,64,74,1.0,50.5,53,31,9,27.5,54.7,5.1,4.8,57.3,112.6,0.2,20.5,59.1,5.0,4.7,60.6,96.6,0.2,156,53.379,0,33,1.7228890000000003,0.09
2023-01-10 14:00:00,6.6,15,6.2,14.2,65,4.8,55.9,64,75,1.2,50.5,47,31,9,29.6,56.9,5.4,5.1,61.2,125.3,0.2,28.8,56.9,5.4,5.1,58.5,100.4,0.2,170,59.404,0,33,2.0798294999999998,0.08
2023-01-10 16:00:00,6.3,15,5.9,14.0,65,4.3,55.9,64,75,1.0,50.5,47,30,9,29.8,56.2,5.1,4.7,61.2,140.0,0.2,29.9,55.9,5.1,4.7,57.2,99.8,0.2,183,64.932,0,33,2.2039465000000007,0.08
2023-01-10 18:00:00,6.3,15,5.9,14.0,65,4.3,55.9,64,75,1.0,50.5,47,30,9,29.4,55.7,4.9,4.7,58.5,111.8,0.2,30.0,58.2,4.8,4.6,59.6,88.2,0.2,105,31.636,0,33,1.7855600000000007,0.08
2023-01-10 20:00:00,6.3,15,5.9,13.7,65,4.3,56.0,64,75,1.0,51.0,47,30,9,25.0,57.1,4.9,4.7,61.7,198.8,0.2,25.0,59.0,4.9,4.6,60.8,91.0,0.2,118,37.064,0,33,1.7619909999999996,0.1
2023-01-11 00:00:00,6.3,15,5.9,13.8,65,4.3,58.0,64,75,1.0,52.0,47,30,9,28.7,56.4,4.9,4.6,58.9,115.6,0.2,30.0,59.0,4.8,4.6,60.9,91.0,0.2,142,47.331,0,33,1.7236729999999991,0.1
2023-01-11 02:00:00,6.3,15,6.0,13.8,66,4.1,58.0,64,75,1.0,41.0,53,31,9,28.5,58.1,5.0,4.7,61.1,122.5,0.2,24.4,59.0,4.9,4.7,61.3,91.7,0.2,156,53.379,0,33,2.164072300000002,0.14
2023-01-11 04:00:00,6.3,15,6.2,13.7,66,4.2,57.6,64,75,1.0,41.0,53,31,9,27.2,54.9,4.9,4.6,57.5,112.2,0.2,25.2,59.8,4.9,4.6,61.7,92.2,0.2,167,58.117,0,33,2.1732515999999995,0.14
2023-01-11 06:00:00,6.3,15,6.2,13.7,66,4.2,57.6,64,75,1.0,41.0,53,31,9,27.2,54.9,4.9,4.6,57.5,112.2,0.2,25.2,59.8,4.9,4.6,61.7,92.2,0.2,175,61.54,0,33,2.2081448999999984,0.14
2023-01-11 08:00:00,6.3,15,6.2,13.7,65,4.2,57.6,64,75,1.0,41.0,53,31,9,29.3,55.2,5.0,4.7,57.0,110.5,0.2,28.5,61.0,4.9,4.6,61.9,92.0,0.2,70,17.932,0,33,2.1765107,0.09
2023-01-11 10:00:00,6.3,15,6.2,13.7,65,4.2,57.6,64,75,1.0,41.0,53,31,9,29.3,55.2,5.0,4.7,57.0,114.0,0.2,28.5,61.0,4.9,4.6,61.9,98.0,0.2,88,24.777,0,33,2.126338500000001,0.09
2023-01-11 12:00:00,6.3,15,6.2,13.7,65,4.2,57.6,64,75,1.0,41.0,53,31,9,29.3,55.2,5.0,4.7,57.0,114.0,0.2,28.5,61.0,4.9,4.6,61.9,98.0,0.2,101,29.994,0,33,2.1305244999999995,0.09
2023-01-11 14:00:00,6.3,15,6.0,14.0,65,4.2,57.6,64,75,1.0,41.0,53,32,9,28.3,55.3,5.0,4.7,57.3,113.7,0.2,28.0,60.7,4.9,4.6,61.8,92.3,0.2,114,35.38,0,33,2.1820721,0.08
2023-01-11 16:00:00,6.3,15,6.0,14.0,65,4.2,57.6,64,75,1.0,41.0,53,32,9,28.0,55.0,5.0,4.7,57.0,112.0,0.2,28.3,60.9,4.9,4.6,62.0,93.0,0.2,81,22.056,0,33,2.2524268000000007,0.08
2023-01-11 18:00:00,6.3,15,6.0,14.0,65,4.2,57.6,64,75,1.0,41.0,53,32,9,28.0,55.2,5.0,4.7,57.3,114.1,0.2,29.4,61.0,4.9,4.6,62.0,93.0,0.2,89,25.172,0,33,2.1118071,0.08
2023-01-11 20:00:00,6.3,15,5.9,13.8,66,4.2,57.6,64,75,1.0,52.0,53,32,9,29.8,55.5,4.9,4.7,58.4,115.5,0.2,30.0,59.1,4.9,4.6,61.1,92.4,0.2,105,31.636,0,33,2.1240960000000007,0.08
2023-01-12 00:00:00,6.3,15,5.8,13.7,65,4.2,57.6,64,75,1.0,52.0,53,32,9,30.0,54.8,4.9,4.6,57.1,108.7,0.2,28.8,60.0,4.8,4.6,61.3,90.8,0.2,131,42.598,0,33,2.177288099999999,0.12
2023-01-12 02:00:00,6.3,15,6.0,13.8,66,4.1,58.0,64,75,1.0,41.0,53,31,9,28.8,57.5,5.0,4.7,58.0,102.6,0.2,29.0,60.0,5.0,4.7,61.3,88.9,0.2,142,47.331,0,33,1.5286739000000005,0.14
2023-01-12 04:00:00,6.3,15,6.0,13.7,65,4.2,58.0,64,75,1.0,52.0,53,31,9,27.0,60.0,5.0,4.7,60.4,112.5,0.2,28.6,58.7,4.9,4.7,61.2,89.9,0.2,155,52.947,0,33,1.5522636999999997,0.12
2023-01-12 06:00:00,6.3,15,6.0,13.6,65,4.2,58.0,64,75,1.0,52.0,53,31,9,27.4,57.1,5.0,4.7,57.7,105.9,0.2,30.0,60.0,4.9,4.6,61.4,91.1,0.2,164,56.828,0,33,1.5453217999999995,0.12
2023-01-12 08:00:00,6.3,15,6.0,13.6,65,4.2,58.0,64,75,1.0,52.0,53,31,9,27.4,57.0,5.0,4.7,60.2,107.0,0.2,30.0,60.4,4.9,4.6,61.7,92.0,0.2,119,37.486,0,33,1.532239800000001,0.09
2023-01-12 10:00:00,6.3,15,6.0,13.6,65,4.2,58.0,64,75,1.0,52.0,53,31,9,17.8,56.1,5.0,4.7,58.3,111.8,0.2,21.7,60.4,5.0,4.7,61.7,92.0,0.2,150,50.786,0,33,1.527006999999999,0.09
2023-01-12 12:00:00,6.3,15,6.0,13.6,77,4.2,58.0,64,80,1.0,52.0,53,31,9,17.8,56.5,5.0,4.7,58.7,112.0,0.2,22.0,60.1,5.0,4.7,61.0,95.0,0.2,167,58.117,0,33,1.2308263,0.08
2023-01-12 14:00:00,6.3,15,6.0,13.6,67,4.2,58.0,64,75,1.0,52.0,53,31,9,19.2,55.2,5.0,4.7,57.9,102.7,0.2,26.2,56.6,5.1,4.8,59.3,129.2,0.2,180,63.664,0,33,1.5923326000000009,0.08
2023-01-12 16:00:00,6.3,15,6.0,13.6,65,4.2,58.0,64,75,1.0,52.0,53,31,9,19.2,55.0,5.0,4.7,58.0,104.0,0.2,26.2,57.0,5.0,4.7,60.0,130.0,0.2,145,48.626,0,33,1.7998088999999984,0.08
2023-01-12 18:00:00,6.3,15,6.0,13.6,65,4.2,58.0,64,75,1.0,52.0,53,30,9,26.9,56.0,5.0,4.7,58.8,104.1,0.2,27.5,57.5,4.9,4.7,59.5,129.9,0.2,163,56.397,0,33,1.584145800000001,0.09
2023-01-12 20:00:00,6.3,15,6.0,13.6,65,4.2,58.0,64,75,1.0,52.0,53,30,9,27.9,56.6,5.1,4.8,57.5,99.7,0.2,28.5,58.9,5.0,4.7,60.9,90.5,0.2,171,59.832,0,33,1.5889988,0.14
2023-01-13 00:00:00,6.3,15,6.0,13.8,70,4.2,58.0,64,75,1.0,52.0,53,30,9,29.1,56.9,5.0,4.7,57.7,102.9,0.2,29.8,60.0,4.9,4.6,61.9,92.0,0.2,192,68.697,0,33,1.523040200000001,0.14
2023-01-13 02:00:00,6.3,15,5.8,13.8,66,4.1,58.0,64,75,1.0,52.0,53,31,9,29.4,57.1,5.0,4.7,59.3,107.9,0.2,29.4,59.8,4.9,4.7,61.7,92.0,0.2,204,73.609,0,33,1.7027872000000013,0.14
2023-01-13 04:00:00,6.3,15,5.8,13.8,65,4.1,58.0,64,75,1.0,52.0,53,31,9,29.4,57.1,5.0,4.7,59.3,107.9,0.2,29.4,59.8,4.9,4.7,61.7,92.0,0.2,218,79.134,0,33,1.7600911999999989,0.14
2023-01-13 06:00:00,6.3,15,5.8,13.8,65,4.1,58.0,64,75,1.0,52.0,53,31,9,29.4,57.1,5.0,4.7,59.3,107.9,0.2,29.4,59.8,4.9,4.7,61.7,92.0,0.2,169,58.975,0,33,1.6330479999999994,0.12
2023-01-13 08:00:00,6.3,15,5.8,13.8,65,4.1,58.0,64,75,1.0,52.0,53,32,9,29.0,57.0,5.0,4.7,59.5,109.0,0.2,29.2,60.0,4.9,4.7,62.0,94.1,0.2,184,65.353,0,33,1.7102344000000007,0.14
2023-01-13 10:00:00,6.3,15,5.8,13.8,66,4.1,58.0,64,75,1.0,52.0,53,32,9,29.0,57.0,5.0,4.7,59.5,109.0,0.2,29.2,60.0,4.9,4.7,62.0,94.1,0.2,198,71.171,0,33,1.6845519999999985,0.14
2023-01-13 12:00:00,6.3,15,5.8,13.8,66,4.1,58.0,64,75,1.0,52.0,53,32,9,29.0,57.0,5.0,4.7,59.5,110.0,0.2,29.2,60.0,4.9,4.7,62.0,95.0,0.2,214,77.582,0,33,1.662651200000001,0.1
2023-01-13 14:00:00,6.3,15,5.8,13.8,66,4.1,58.0,64,75,1.0,52.0,53,32,9,28.0,58.5,5.0,4.7,61.2,115.5,0.2,28.2,56.2,4.9,4.7,57.8,129.0,0.2,228,82.909,0,33,1.6505175999999986,0.12
2023-01-13 16:00:00,6.3,15,5.8,13.8,66,4.1,58.0,64,75,1.0,52.0,53,32,9,28.0,58.5,5.0,4.7,61.2,115.5,0.2,28.2,56.2,4.9,4.7,57.8,129.0,0.2,212,76.797,0,33,1.699052000000001,0.12
2023-01-13 18:00:00,6.3,15,5.8,13.8,66,4.1,58.0,64,75,1.0,52.0,53,32,9,27.8,59.0,5.0,4.7,62.0,116.0,0.2,28.0,56.0,4.9,4.7,58.0,135.0,0.2,178,62.816,0,33,1.6987503999999995,0.12
2023-01-13 20:00:00,6.3,15,5.7,14.0,70,4.2,56.0,65,75,1.0,52.0,53,32,9,27.8,54.5,4.9,4.7,57.0,99.0,0.2,27.9,56.5,4.8,4.6,58.1,129.5,0.2,191,68.282,0,33,1.6327463999999994,0.11
2023-01-14 00:00:00,6.3,15,5.8,14.0,70,4.3,57.0,64,75,1.0,52.0,53,32,9,28.7,57.8,4.9,4.6,59.6,104.3,0.2,28.8,59.5,5.0,4.7,61.4,97.2,0.2,193,69.112,0,33,1.7180991999999995,0.11
2023-01-14 02:00:00,6.3,15,5.9,13.9,68,4.3,58.0,64,75,1.0,42.0,53,31,9,29.4,57.1,5.0,4.7,59.3,107.9,0.2,29.4,59.8,4.9,4.7,61.7,92.0,0.2,221,80.283,0,33,1.4412525,0.11
2023-01-14 04:00:00,6.3,15,5.9,13.9,68,4.2,58.0,64,75,1.0,42.0,53,32,9,27.4,56.1,4.9,4.6,59.1,247.0,0.2,28.4,59.8,4.8,4.6,61.6,96.5,0.2,152,51.651,0,33,1.4274149999999983,0.11
2023-01-14 06:00:00,6.3,15,5.9,13.7,64,4.2,58.0,64,73,1.0,45.0,53,32,9,28.7,55.9,5.0,4.7,58.6,99.7,0.2,28.8,59.6,4.9,4.6,61.3,96.2,0.2,164,56.828,0,33,1.4831749999999997,0.11
2023-01-14 08:00:00,6.3,15,5.9,13.8,64,4.2,58.0,64,73,1.0,45.0,53,32,9,28.2,58.4,5.0,4.7,60.8,103.0,0.2,28.9,59.7,4.9,4.7,61.2,111.0,0.2,192,68.697,0,33,1.4215930000000017,0.08
2023-01-14 10:00:00,6.3,15,5.9,13.8,64,4.2,58.0,64,73,1.0,45.0,53,32,9,28.2,58.4,5.0,4.7,60.8,102.0,0.2,28.9,59.7,4.9,4.7,61.2,108.0,0.2,200,71.987,0,33,1.3605029999999991,0.08
2023-01-14 12:00:00,6.3,15,5.9,13.8,65,4.2,58.0,64,73,1.0,45.0,53,32,9,28.9,55.8,4.8,4.6,58.5,114.3,0.2,29.3,60.2,4.8,4.6,62.3,105.3,0.2,209,75.611,0,33,1.4533065000000005,0.08
2023-01-14 14:00:00,6.3,15,5.9,13.8,72,4.2,58.0,64,73,1.0,45.0,53,32,9,28.9,55.8,4.8,4.6,58.5,114.0,0.2,29.3,60.2,4.8,4.6,62.3,107.0,0.2,221,80.283,0,33,1.419440499999999,0.09
2023-01-14 16:00:00,6.3,15,5.9,13.8,64,4.2,58.0,64,73,1.0,45.0,53,32,9,28.9,55.8,4.8,4.6,58.5,114.0,0.2,29.3,60.2,4.8,4.6,62.3,107.0,0.2,87,24.384,0,33,1.4731300000000007,0.09
2023-01-14 18:00:00,6.3,15,5.9,13.8,64,4.2,58.0,64,73,1.0,45.0,53,32,9,28.9,55.8,4.8,4.6,58.5,114.0,0.2,29.3,60.2,4.8,4.6,62.3,107.0,0.2,105,31.636,0,33,1.4340775000000008,0.09
2023-01-14 20:00:00,6.3,15,5.9,13.8,69,4.3,57.0,64,73,1.0,51.6,53,32,9,28.6,55.1,5.0,4.7,56.5,58.3,0.2,28.3,56.5,5.0,4.7,58.3,129.0,0.2,121,38.333,0,33,1.4728019999999982,0.08
2023-01-15 00:00:00,6.3,15,6.0,13.9,69,4.4,56.0,64,73,1.0,51.0,53,32,9,28.2,55.0,5.0,4.7,57.7,98.8,0.2,27.9,55.9,4.9,4.6,57.8,127.7,0.2,138,45.606,0,33,1.493506999999999,0.08
2023-01-15 02:00:00,6.3,15,6.0,13.9,68,4.3,55.8,64,75,1.1,51.0,53,32,9,27.9,55.0,4.8,4.6,57.7,100.0,0.2,28.2,56.1,4.8,4.5,57.9,125.3,0.2,119,37.486,0,33,1.4613000000000005,0.12
2023-01-15 04:00:00,6.3,15,5.9,13.9,68,4.3,57.0,64,75,1.1,51.0,53,32,9,29.0,54.3,4.9,4.7,57.6,102.9,0.2,29.2,58.0,4.9,4.7,60.2,128.2,0.2,120,37.909,0,33,1.3779999999999988,0.12
2023-01-15 06:00:00,6.3,15,5.9,13.9,67,4.3,56.0,64,75,1.1,51.0,53,32,9,30.0,54.3,4.9,4.7,57.5,104.5,0.2,29.3,55.7,4.8,4.6,57.7,126.3,0.2,139,46.037,0,33,1.5032600000000018,0.12
2023-01-15 08:00:00,6.3,15,5.9,13.9,63,4.3,56.0,64,75,1.1,51.0,53,32,9,30.0,54.3,4.9,4.7,57.5,105.0,0.2,29.3,55.7,4.8,4.7,57.7,131.0,0.2,149,50.354,0,33,1.4515199999999988,0.11
2023-01-15 10:00:00,6.2,15,5.9,13.9,64,4.3,56.0,64,75,1.1,51.0,53,32,9,27.6,55.0,5.0,4.7,57.4,109.5,0.2,28.1,55.3,4.9,4.7,57.7,125.7,0.2,161,55.536,0,33,1.399740000000001,0.11
2023-01-15 12:00:00,6.2,15,5.9,13.9,68,4.3,56.0,64,75,1.1,51.0,53,32,9,28.0,55.0,5.0,4.7,57.4,110.0,0.2,27.5,55.3,4.9,4.7,57.7,126.0,0.2,112,34.542,0,33,1.42088,0.1
2023-01-15 14:00:00,6.2,15,5.9,13.9,65,4.3,56.0,64,75,1.1,51.0,53,32,9,27.9,54.8,5.0,4.7,57.8,109.1,0.2,28.2,59.6,4.9,4.7,57.7,138.5,0.2,119,37.486,0,33,1.4359399999999989,0.09
2023-01-15 16:00:00,6.2,15,5.9,13.9,66,4.3,56.0,64,75,1.1,51.0,53,33,9,25.8,55.2,5.0,4.7,58.0,108.2,0.2,26.9,57.0,4.9,4.7,58.8,127.3,0.2,129,41.741,0,33,1.4746999999999997,0.09
2023-01-15 18:00:00,6.2,15,5.9,13.9,65,4.3,56.0,64,75,1.1,51.0,53,32,9,27.8,57.0,4.9,4.6,57.7,105.9,0.2,28.5,56.3,4.8,4.5,58.1,125.6,0.2,138,45.606,0,33,1.4400600000000003,0.09
2023-01-15 20:00:00,6.2,15,5.9,14.0,68,4.3,56.0,64,75,1.1,51.0,53,32,9,26.9,54.5,4.9,4.6,57.6,106.0,0.2,27.3,55.0,4.8,4.6,57.6,125.6,0.2,147,49.49,0,33,1.449240000000001,0.29
2023-01-16 00:00:00,6.2,15,5.8,14.0,69,4.3,57.5,62,75,1.1,51.0,50,32,9,18.8,55.9,4.9,4.6,58.4,109.4,0.2,18.7,58.4,4.9,4.6,60.0,127.7,0.2,178,62.816,0,33,1.48036,0.1
2023-01-16 02:00:00,6.3,15,5.9,14.0,71,4.2,56.0,63,75,1.1,45.0,53,32,9,28.2,54.4,4.9,4.7,57.1,107.7,0.2,28.3,59.6,4.8,4.6,61.4,132.2,0.2,185,65.773,0,33,1.8319859999999988,0.1
2023-01-16 04:00:00,6.3,15,5.9,14.0,70,4.3,56.0,63,75,1.1,50.3,45,32,9,27.9,56.5,5.0,4.7,59.2,112.5,0.2,28.2,60.0,4.9,4.6,61.8,138.9,0.2,198,71.171,0,33,1.836952000000002,0.1
2023-01-16 06:00:00,6.3,15,5.9,14.0,70,4.3,56.0,63,75,1.1,50.3,45,32,9,28.3,55.0,4.9,4.7,57.9,107.2,0.2,28.5,56.0,4.9,4.6,57.7,125.1,0.2,207,74.814,0,33,1.930785999999999,0.1
2023-01-16 08:00:00,6.3,15,5.9,14.0,70,4.3,56.0,63,75,1.1,50.3,45,32,9,28.3,55.0,4.9,4.7,57.9,108.0,0.2,28.5,56.0,4.9,4.6,57.7,126.0,0.2,138,45.606,0,33,1.833,0.1
2023-01-16 10:00:00,6.3,15,5.9,14.0,70,4.3,56.0,63,75,1.1,50.3,45,32,9,28.6,56.6,4.9,4.7,58.2,112.2,0.2,28.3,56.3,4.9,4.6,58.8,131.6,0.2,146,49.058,0,33,1.879332000000001,0.1
2023-01-16 12:00:00,6.3,15,5.9,14.0,70,4.3,56.0,63,75,1.1,50.3,45,32,9,28.6,56.6,4.9,4.7,58.2,115.0,0.2,28.3,56.3,4.9,4.6,58.8,125.0,0.2,158,54.242,0,33,1.852786,0.1
2023-01-16 14:00:00,6.3,15,5.9,14.0,70,4.3,56.0,63,75,1.1,50.3,45,32,9,28.0,56.6,4.9,4.7,58.0,120.0,0.2,28.3,56.0,4.9,4.6,58.8,120.0,0.2,166,57.688,0,33,1.8175299999999992,0.09
2023-01-16 16:00:00,6.3,15,5.9,14.0,70,4.3,56.0,63,75,1.1,50.3,45,32,9,29.5,54.4,4.9,4.6,57.7,106.6,0.2,28.3,57.5,4.9,4.6,59.5,132.6,0.2,135,44.315,0,33,1.9180200000000007,0.09
2023-01-16 18:00:00,6.3,15,5.9,14.0,70,4.3,56.0,63,75,1.1,50.3,45,32,9,29.5,54.4,4.9,4.6,57.7,106.6,0.2,28.3,57.5,4.9,4.6,59.5,132.6,0.2,147,49.49,0,33,1.8879119999999991,0.09
2023-01-16 20:00:00,6.3,15,5.9,14.0,74,4.1,56.0,65,75,1.1,51.0,45,32,9,28.1,54.8,4.9,4.7,57.5,107.7,0.2,28.4,61.7,4.9,4.6,61.7,143.1,0.2,160,55.105,0,33,1.813214,0.19
2023-01-17 00:00:00,6.3,15,5.9,14.0,80,4.1,57.0,64,75,1.1,52.0,45,32,9,28.2,54.6,4.9,4.6,57.4,108.0,0.2,28.3,56.5,4.8,4.6,56.5,58.3,0.2,181,64.087,0,33,1.894984,0.19
2023-01-17 02:00:00,6.3,15,5.9,14.0,71,4.2,56.0,63,75,1.1,50.3,45,32,9,29.5,55.5,4.9,4.6,59.0,112.0,0.2,29.3,56.3,4.8,4.6,58.4,130.0,0.2,195,69.938,0,33,1.7144567999999998,0.18
2023-01-17 04:00:00,6.3,15,5.9,14.0,71,4.2,56.0,63,75,1.1,50.3,45,32,9,27.9,54.9,4.9,4.7,57.6,108.1,0.2,28.5,57.5,4.8,4.6,57.5,130.5,0.2,203,73.205,0,33,1.6783344000000002,0.18
2023-01-17 06:00:00,6.3,15,5.8,14.0,67,4.3,56.0,63,75,1.1,50.3,45,32,9,27.0,54.4,4.9,4.6,57.2,107.5,0.2,27.8,55.9,4.8,4.6,57.6,129.3,0.2,214,77.582,0,33,1.7027176000000004,0.18
2023-01-17 08:00:00,6.3,15,5.8,14.0,65,4.3,56.0,63,75,1.1,50.3,45,32,9,28.7,57.2,5.0,4.7,59.9,109.0,0.2,28.8,56.4,4.9,4.6,58.1,135.1,0.2,151,51.219,0,33,1.6867095999999997,0.1
2023-01-17 10:00:00,6.3,15,5.8,14.0,67,4.3,56.0,63,75,1.1,50.3,45,32,9,28.5,57.0,5.0,4.7,59.7,107.5,0.2,28.4,56.2,4.9,4.6,58.0,136.9,0.2,160,55.105,0,33,1.6676392000000002,0.1
2023-01-17 12:00:00,6.3,15,5.8,14.0,66,4.3,56.0,63,75,1.1,50.3,45,32,9,28.6,57.3,5.0,4.7,59.7,107.5,0.2,28.5,56.3,4.9,4.6,58.2,141.3,0.2,169,58.975,0,33,1.6600759999999997,0.08
2023-01-17 14:00:00,6.3,15,5.8,14.0,66,4.3,56.0,63,75,1.1,50.3,45,32,9,27.0,55.4,5.0,4.7,57.9,110.9,0.2,27.4,56.2,4.9,4.6,58.0,132.3,0.2,132,43.027,0,33,1.6906535999999996,0.08
2023-01-17 16:00:00,6.3,15,5.8,14.0,66,4.3,56.0,63,75,1.1,50.3,45,32,9,27.3,55.7,5.0,4.7,58.0,111.0,0.2,27.2,56.0,4.9,4.6,57.8,132.0,0.2,145,48.626,0,33,1.6278744000000005,0.08
2023-01-17 18:00:00,6.3,15,5.8,14.0,66,4.3,56.0,63,75,1.1,50.3,45,32,9,27.7,55.9,5.0,4.7,58.3,113.2,0.2,28.1,56.2,4.9,4.6,58.0,135.3,0.2,149,50.354,0,33,1.7401855999999998,0.09
2023-01-17 20:00:00,6.3,15,5.9,14.0,66,4.2,56.0,63,75,1.1,50.3,53,32,9,27.8,55.0,4.9,4.6,57.6,108.0,0.2,28.2,57.0,4.9,4.6,59.6,275.0,0.2,162,55.967,0,33,1.6046048000000002,0.13
2023-01-18 00:00:00,6.3,15,5.9,14.0,65,4.2,56.0,63,75,1.1,50.3,53,32,9,27.7,56.8,5.0,4.7,59.8,114.3,0.2,28.0,59.7,4.8,4.5,61.9,146.0,0.2,182,64.51,0,33,1.6828119999999995,0.13
2023-01-18 02:00:00,6.3,15,5.9,14.0,76,4.2,56.0,63,75,1.1,50.3,45,32,9,29.5,55.5,4.9,4.6,59.0,112.0,0.2,29.3,56.3,4.8,4.6,58.4,130.0,0.2,195,69.938,0,33,1.5457839999999994,0.13
2023-01-18 04:00:00,6.3,15,5.9,14.0,72,4.1,56.0,63,75,1.1,51.0,53,32,9,27.2,58.8,4.9,4.6,61.7,129.8,0.2,27.2,55.8,4.8,4.6,55.8,128.8,0.2,204,73.609,0,33,1.7241260000000005,0.13
2023-01-18 06:00:00,6.3,15,5.9,14.0,72,4.1,56.0,63,75,1.1,51.0,53,32,9,27.5,55.3,4.9,4.6,58.2,110.5,0.2,28.0,56.7,4.8,4.6,56.4,129.8,0.2,218,79.134,0,33,1.578282999999999,0.13
2023-01-18 08:00:00,6.3,15,5.9,14.0,63,4.1,56.0,63,75,1.1,51.0,53,32,9,28.1,55.5,4.9,4.6,58.4,111.0,0.2,28.0,56.1,4.8,4.6,56.8,135.2,0.2,164,56.828,0,33,1.6447300000000007,0.11
2023-01-18 10:00:00,6.3,15,5.9,14.0,63,4.1,56.0,63,75,1.1,51.0,53,32,9,28.1,55.5,4.9,4.6,58.4,111.0,0.2,28.0,56.1,4.8,4.6,56.8,135.2,0.2,173,60.687,0,33,1.739972999999999,0.11
2023-01-18 12:00:00,6.3,15,5.9,14.0,65,4.1,56.0,63,75,1.1,51.0,53,32,9,26.8,56.0,4.9,4.6,58.6,118.1,0.2,27.6,55.2,4.9,4.6,56.8,145.7,0.2,189,67.449,0,33,1.5544550000000006,0.1
2023-01-18 14:00:00,6.3,15,5.9,14.0,69,4.1,56.0,63,75,1.1,51.0,53,32,9,26.8,56.0,4.9,4.6,58.6,118.1,0.2,27.6,55.2,4.9,4.6,56.8,145.7,0.2,198,71.171,0,33,1.5720959999999986,0.09
2023-01-18 16:00:00,6.3,15,5.9,14.0,64,4.1,56.0,63,75,1.1,51.0,53,32,9,28.6,55.0,4.9,4.7,57.8,106.6,0.2,28.7,59.5,4.9,4.6,62.0,61.6,0.2,164,56.828,0,33,1.6714790000000013,0.09
2023-01-18 18:00:00,6.3,15,5.9,14.0,64,4.1,56.0,63,75,1.1,51.0,53,32,9,28.4,55.1,4.9,4.7,57.9,108.0,0.2,28.8,59.1,4.9,4.6,61.8,75.8,0.2,123,39.182,0,33,1.5881499999999995,0.09
2023-01-18 20:00:00,6.3,15,5.9,14.0,64,4.1,56.0,63,75,1.1,51.0,53,32,9,27.4,54.2,4.9,4.7,57.6,110.5,0.2,28.6,55.7,4.9,4.8,55.8,130.7,0.2,141,46.899,0,33,1.6393480000000002,0.15
2023-01-19 00:00:00,6.3,15,5.9,14.0,64,4.1,56.0,63,75,1.1,51.0,53,32,9,28.2,55.0,4.8,4.6,57.6,113.4,0.2,28.3,56.8,4.8,4.5,58.6,131.3,0.2,156,53.379,0,33,1.6715480000000007,0.15
2023-01-19 02:00:00,6.3,15,5.9,14.0,64,4.2,56.0,63,75,1.1,50.3,53,32,9,27.2,55.0,4.8,4.6,57.7,114.2,0.2,28.1,59.9,4.8,4.6,61.8,144.6,0.2,167,58.117,0,33,1.4287342999999992,0.12
2023-01-19 04:00:00,6.3,15,5.9,14.0,67,4.2,56.0,63,75,1.1,50.3,53,32,9,26.9,55.1,4.9,4.7,57.7,113.0,0.2,27.4,59.9,4.9,4.6,61.7,142.9,0.2,175,61.54,0,33,1.439351199999999,0.12
2023-01-19 06:00:00,6.3,15,5.9,14.0,67,4.2,56.0,63,75,1.1,50.3,53,32,9,26.9,55.1,4.9,4.7,57.7,115.0,0.2,27.4,59.9,4.9,4.6,61.7,143.0,0.2,185,65.773,0,33,1.4322259000000008,0.12
2023-01-19 08:00:00,6.3,15,5.9,14.0,65,4.2,56.0,63,75,1.1,50.3,53,32,9,27.7,54.9,4.9,4.7,57.5,108.3,0.2,28.2,57.6,4.9,4.7,60.0,276.2,0.2,146,49.058,0,33,1.4236795999999992,0.13
2023-01-19 10:00:00,6.3,15,5.9,14.0,67,4.2,56.0,63,75,1.1,50.3,53,32,9,27.7,54.9,4.9,4.7,57.5,108.3,0.2,28.2,57.6,4.9,4.7,60.0,205.3,0.2,155,52.947,0,33,1.3839119,0.12
2023-01-19 12:00:00,6.3,15,5.9,14.0,70,4.2,56.0,63,75,1.1,50.3,53,32,9,27.7,54.9,4.9,4.7,57.5,125.3,0.2,28.2,57.6,4.9,4.7,60.0,200.0,0.2,163,56.397,0,33,1.4466389000000008,0.12
2023-01-19 14:00:00,6.3,15,5.9,14.0,59,4.2,56.0,63,75,1.1,50.3,53,32,9,27.7,54.9,4.9,4.7,57.5,131.1,0.2,28.2,57.6,4.9,4.7,60.0,198.1,0.2,170,59.404,0,33,1.5105026999999993,0.1
2023-01-19 16:00:00,6.3,15,5.9,14.0,59,4.2,56.0,63,75,1.1,50.3,53,32,9,27.5,55.4,5.0,4.7,58.0,145.6,0.2,28.1,59.8,4.9,4.7,60.0,198.1,0.2,179,63.24,0,33,1.3845209000000005,0.1
2023-01-19 18:00:00,6.3,15,5.9,14.0,65,4.3,56.0,64,75,1.1,50.3,53,32,9,28.1,55.4,5.0,4.7,58.0,138.1,0.2,28.1,58.9,4.9,4.7,59.9,178.1,0.2,197,70.761,0,33,1.3499296999999992,0.1
2023-01-19 20:00:00,6.3,15,5.9,14.0,65,4.3,56.0,64,75,1.1,50.3,53,32,9,26.0,55.2,4.9,4.7,58.0,113.0,0.2,25.4,59.3,4.9,4.7,61.3,138.9,0.2,207,74.814,0,33,1.420391,0.07
2023-01-20 00:00:00,6.3,15,5.9,14.0,65,4.3,56.0,64,75,1.1,50.3,53,32,9,26.4,54.9,55.0,4.7,57.9,110.0,0.2,28.5,58.9,4.8,4.5,60.7,135.1,0.2,181,64.087,0,33,1.4433909,0.07
2023-01-20 02:00:00,6.3,15,5.9,14.0,64,4.2,56.0,63,75,1.1,50.3,53,32,9,27.2,55.1,4.8,4.5,57.9,111.7,0.2,27.7,57.2,4.8,4.6,61.8,144.6,0.2,193,69.112,0,33,1.1280607,0.11
2023-01-20 04:00:00,6.3,15,5.9,14.0,64,4.2,56.0,63,75,1.1,50.3,53,32,9,28.2,54.8,5.0,4.8,57.6,111.6,0.2,28.2,58.2,4.9,4.7,60.9,281.5,0.2,204,73.609,0,33,1.1181854000000002,0.11
2023-01-20 06:00:00,6.3,15,5.9,14.0,64,4.2,56.0,63,75,1.1,50.3,53,32,9,28.0,54.6,5.0,4.8,57.4,110.3,0.2,28.2,57.7,5.0,4.8,57.6,131.9,0.2,212,76.797,0,33,1.1112773999999996,0.11
2023-01-20 08:00:00,6.3,15,5.9,14.0,65,4.2,56.0,63,75,1.1,50.3,53,32,9,27.3,54.8,5.0,4.8,57.5,112.8,0.2,27.9,57.6,4.8,4.5,57.5,130.3,0.2,220,79.902,0,33,1.1541384,0.07
2023-01-20 10:00:00,6.3,15,5.9,14.0,65,4.2,56.0,63,75,1.1,50.3,53,32,9,27.4,54.9,5.0,4.8,57.7,114.0,0.2,27.8,57.5,4.9,4.6,57.5,125.7,0.2,163,56.397,0,33,1.1213568000000005,0.07
2023-01-20 12:00:00,6.3,15,5.9,14.0,110,4.2,56.0,63,75,1.1,50.3,53,32,9,27.4,54.9,5.0,4.8,57.7,114.0,0.2,27.8,57.5,4.9,4.6,57.5,125.7,0.2,146,49.058,0,33,1.1799021000000005,0.08
2023-01-20 14:00:00,6.3,15,5.9,14.0,103,4.2,56.0,63,75,1.2,45.0,53,32,9,27.8,53.5,5.0,4.6,57.1,113.6,0.2,27.8,57.5,4.9,4.6,57.5,237.2,0.2,157,53.81,0,33,1.1784733999999992,0.1
2023-01-20 16:00:00,6.3,15,5.9,14.0,103,4.2,56.0,63,75,1.2,45.0,53,32,9,27.8,53.8,5.0,4.6,57.0,114.0,0.2,28.1,57.7,4.9,4.6,57.9,222.8,0.2,179,63.24,0,33,1.1380145000000008,0.1
2023-01-20 18:00:00,6.3,15,5.9,14.0,75,4.2,56.0,63,75,1.2,45.0,53,32,9,27.6,58.2,5.0,4.6,61.3,120.8,0.2,28.2,55.1,4.9,4.6,57.0,132.4,0.2,187,66.613,0,33,1.2703812,0.12
2023-01-20 20:00:00,6.3,15,5.9,14.0,68,4.2,56.0,63,75,1.2,45.0,53,32,9,29.1,55.4,4.9,4.5,58.6,114.4,0.2,29.3,55.2,4.8,4.5,57.2,132.0,0.2,196,70.35,0,33,1.1937965999999995,0.21
2023-01-21 00:00:00,6.3,15,5.9,14.0,65,4.4,56.0,63,75,1.1,45.0,53,32,9,30.0,55.5,4.9,4.6,58.6,115.0,0.2,30.7,57.1,4.7,4.4,58.9,132.6,0.2,207,74.814,0,33,1.1728842000000006,0.21
2023-01-21 02:00:00,6.3,15,5.9,14.0,65,4.2,56.0,63,75,1.1,52.0,53,32,9,28.3,55.1,5.0,4.7,58.1,112.6,0.2,29.1,59.7,4.9,4.7,61.9,159.8,0.2,219,79.519,0,33,2.101883400000001,0.18
2023-01-21 04:00:00,6.3,15,5.9,14.0,65,4.2,56.0,63,75,1.1,51.0,53,32,9,25.1,54.5,4.6,4.6,57.6,111.4,0.2,25.6,57.7,4.9,4.6,59.5,134.0,0.2,153,52.083,0,33,2.1574603999999966,0.18
2023-01-21 06:00:00,6.3,15,5.9,14.0,65,4.2,56.0,63,75,1.1,51.0,53,32,9,20.9,54.8,5.0,4.7,57.4,113.4,0.2,23.9,56.0,4.9,4.7,58.1,132.8,0.2,163,56.397,0,33,2.164910400000001,0.18
2023-01-21 08:00:00,6.3,15,5.9,14.0,65,4.2,56.0,63,75,1.1,51.0,53,32,9,21.1,55.0,5.0,4.7,57.4,115.1,0.2,24.0,56.1,4.9,4.7,58.2,133.0,0.2,178,62.816,0,33,1.7026528000000014,0.18
2023-01-21 10:00:00,6.3,15,5.9,14.0,65,4.2,56.0,63,75,1.1,51.0,53,32,9,21.1,55.0,5.0,4.7,57.4,111.1,0.2,24.0,56.1,4.9,4.7,58.2,125.7,0.2,154,52.515,0,33,2.164642199999999,0.18
2023-01-21 12:00:00,6.3,15,5.9,14.0,65,4.2,56.0,63,75,1.1,51.0,53,32,9,27.2,56.0,5.0,4.7,59.0,112.1,0.2,27.9,57.7,4.9,4.7,59.7,135.9,0.2,125,40.033,0,33,2.090499799999999,0.15
2023-01-21 14:00:00,6.3,15,5.9,14.0,65,4.2,56.0,63,75,1.1,51.0,53,32,9,27.2,56.0,5.0,4.7,59.0,115.0,0.2,27.9,57.7,4.9,4.7,59.7,140.0,0.2,135,44.315,0,33,2.146345000000001,0.15
2023-01-21 16:00:00,6.3,15,5.9,14.0,65,4.2,56.0,63,75,1.1,51.0,53,32,9,27.2,56.0,5.0,4.7,59.0,115.0,0.2,27.9,57.7,4.9,4.7,59.7,140.0,0.2,146,49.058,0,33,2.4787044000000016,0.15
2023-01-21 18:00:00,6.3,15,5.9,14.0,66,4.1,56.0,63,75,1.1,51.0,53,32,9,22.5,55.1,5.0,4.7,58.0,112.4,0.2,21.7,57.7,4.9,4.6,62.0,150.5,0.2,156,53.379,0,33,2.097204799999997,0.1
2023-01-21 20:00:00,6.3,15,5.9,14.0,65,4.0,57.0,63,75,1.0,51.0,53,32,9,28.8,59.0,5.0,4.8,61.5,117.7,0.2,27.6,57.0,4.9,4.7,57.0,133.3,0.2,169,58.975,0,33,1.8143432000000004,0.19
2023-01-22 00:00:00,6.3,15,5.9,14.0,65,4.0,57.0,63,75,1.0,51.0,53,32,9,28.1,56.4,4.9,4.6,59.2,116.4,0.2,28.7,57.2,4.9,4.6,58.9,134.3,0.2,190,67.866,0,33,2.115591400000001,0.19
2023-01-22 02:00:00,6.3,15,5.9,14.0,65,4.2,56.0,63,75,1.1,52.0,53,32,9,28.6,54.6,4.9,4.8,57.4,113.3,0.2,28.6,59.1,4.9,4.7,60.8,138.3,0.2,199,71.58,0,33,1.980587700000001,0.24
2023-01-22 04:00:00,6.3,15,5.9,14.0,65,4.2,56.0,63,75,1.1,52.0,53,32,9,27.0,58.1,5.0,4.7,61.0,123.4,0.2,27.9,58.4,4.9,4.6,58.4,132.5,0.2,210,76.008,0,33,1.9778576999999984,0.24
2023-01-22 06:00:00,6.3,15,5.9,14.0,65,4.2,56.0,63,75,1.1,52.0,53,32,9,28.5,56.0,4.9,4.7,58.8,115.6,0.2,29.2,56.3,4.8,4.6,57.8,132.2,0.2,221,80.283,0,33,1.9209099000000025,0.18
2023-01-22 08:00:00,6.3,15,5.9,14.0,65,4.2,56.0,63,75,1.1,52.0,53,32,9,28.0,56.0,4.9,4.7,58.8,116.0,0.2,29.0,56.3,4.8,4.6,57.8,134.0,0.2,175,61.54,0,33,2.1390369,0.16
2023-01-22 10:00:00,6.3,15,5.9,14.0,65,4.2,56.0,63,75,1.1,52.0,53,32,9,28.0,56.0,4.9,4.7,58.8,114.0,0.2,29.0,56.3,4.8,4.6,57.8,125.2,0.2,186,66.193,0,33,1.7420949000000006,0.16
2023-01-22 12:00:00,6.3,15,5.9,14.0,65,4.2,56.0,63,75,1.1,52.0,53,32,9,28.1,56.1,4.9,4.7,58.7,121.0,0.2,28.9,56.0,4.8,4.6,57.5,145.0,0.2,195,69.938,0,33,2.0294547,0.15
2023-01-22 14:00:00,6.3,15,5.9,14.0,65,4.2,56.0,63,75,1.1,52.0,53,32,9,28.1,56.1,4.9,4.7,58.7,121.0,0.2,28.9,56.0,4.8,4.6,57.5,145.0,0.2,206,74.413,0,33,2.198496299999999,0.15
2023-01-22 16:00:00,6.3,15,5.9,14.0,65,4.2,56.0,63,75,1.1,52.0,53,32,9,29.9,54.9,4.9,4.7,58.0,117.8,0.2,29.7,59.1,4.8,4.6,61.4,145.0,0.2,217,78.748,0,33,2.2089795,0.15
2023-01-22 18:00:00,6.3,15,5.9,14.0,65,4.2,56.0,63,75,1.1,52.0,53,32,9,29.9,54.9,4.9,4.7,58.0,115.9,0.2,29.7,59.1,4.8,4.6,61.4,134.7,0.2,221,80.283,0,33,2.2782669,0.15
2023-01-22 20:00:00,6.3,15,5.9,14.0,65,4.2,56.0,63,75,1.1,52.0,53,32,9,28.3,55.2,4.9,4.6,58.0,114.8,0.2,29.3,56.1,4.8,4.5,57.7,133.1,0.2,198,71.171,0,33,1.9241859,0.17
2023-01-23 00:00:00,6.3,15,5.9,14.0,65,4.2,58.0,63,74,1.0,49.0,53,32,9,26.2,58.0,4.7,4.1,62.0,118.7,0.2,20.5,61.6,4.1,4.0,63.0,47.1,0.2,215,77.972,0,33,1.0069605000000006,0.17
2023-01-23 02:00:00,6.3,15,6.0,14.0,65,4.2,56.0,63,65,1.1,52.0,53,32,9,30.0,55.5,4.8,4.5,59.1,117.0,0.2,30.2,45.9,4.8,4.6,44.2,45.8,0.2,221,80.283,0,33,2.1143430000000007,0.24
2023-01-23 04:00:00,6.3,15,6.0,14.0,65,4.2,56.0,63,76,1.1,52.0,53,32,9,27.7,54.6,5.0,4.7,57.2,114.2,0.2,27.7,4.9,4.9,4.7,54.2,132.0,0.2,183,64.932,0,33,2.181761999999998,0.24
2023-01-23 06:00:00,6.3,15,6.0,14.0,78,4.2,56.0,63,76,1.1,52.0,53,31,9,27.7,52.2,5.4,4.9,55.6,113.7,0.0,29.0,54.8,5.4,5.0,57.5,134.8,0.0,207,74.814,0,33,2.219302800000001,0.22
2023-01-23 08:00:00,6.4,15,6.1,14.0,65,4.6,54.0,65,74,1.2,50.0,52,31,9,27.4,53.3,5.0,4.7,56.1,111.2,0.0,28.2,53.7,5.0,4.7,55.7,132.7,0.0,221,80.283,0,33,2.3271731999999985,0.19
2023-01-23 10:00:00,6.2,15,5.9,14.0,65,4.8,54.0,63,75,1.0,50.0,51,31,9,29.1,53.9,5.0,4.7,56.4,111.9,0.0,28.6,58.3,4.9,4.6,60.1,153.0,0.0,103,30.813,0,33,2.044013400000002,0.19
2023-01-23 12:00:00,6.3,15,6.1,14.0,65,4.5,55.0,65,75,1.1,50.0,51,32,9,28.6,54.2,5.0,4.7,56.9,113.5,0.0,28.1,57.3,5.0,4.7,59.1,138.5,0.0,118,37.064,0,33,2.0036214,0.17
2023-01-23 14:00:00,6.5,15,6.3,15.0,65,4.8,55.0,64,75,1.0,50.0,51,33,9,27.6,54.1,5.0,4.7,57.0,114.2,0.0,27.5,56.4,5.0,4.6,58.5,137.1,0.0,128,41.314,0,33,2.1539924999999998,0.18
2023-01-23 16:00:00,6.4,15,6.0,14.0,65,4.3,55.0,63,76,1.0,50.0,51,33,9,28.9,55.3,4.8,4.6,57.9,113.4,0.0,28.0,57.9,4.7,4.4,60.2,194.8,0.0,140,46.468,0,33,1.9585665000000017,0.18
2023-01-23 18:00:00,6.4,15,6.0,14.0,65,4.3,55.0,63,76,1.0,50.0,51,33,9,17.3,56.7,5.2,4.8,60.4,128.4,0.0,0.0,0.0,0.0,0.0,0.0,0.0,0.0,154,52.515,0,33,1.9862766000000005,0.19
2023-01-23 20:00:00,6.3,15,6.0,14.0,74,4.5,51.0,63,76,0.8,50.0,51,33,9,26.7,53.3,5.2,4.8,57.4,114.2,0.0,0.0,0.0,0.0,0.0,0.0,0.0,0.0,167,58.117,0,33,2.111165099999999,0.15
2023-01-24 00:00:00,6.5,15,6.0,14.0,65,4.4,55.0,63,75,1.1,44.0,51,33,9,26.9,54.4,5.2,4.8,58.2,116.1,0.0,0.0,0.0,0.0,0.0,0.0,0.0,0.0,199,71.58,0,33,2.2051061999999995,0.15
2023-01-24 02:00:00,6.4,15,6.0,14.0,65,4.4,51.0,63,75,1.1,47.0,51,32,9,27.1,55.7,5.2,4.8,59.9,120.1,0.0,0.0,0.0,0.0,0.0,0.0,0.0,0.0,215,77.972,0,33,2.336314200000001,0.16
2023-01-24 04:00:00,6.5,15,6.0,14.0,65,4.4,47.0,63,75,1.1,44.0,51,32,9,26.0,57.1,5.2,4.8,61.3,151.0,0.0,0.0,0.0,0.0,0.0,0.0,0.0,0.0,230,83.644,0,33,2.349352199999999,0.14
2023-01-24 06:00:00,6.6,15,5.9,14.0,65,4.2,46.0,64,75,1.1,43.0,51,27,9,25.3,54.2,5.1,4.6,58.0,258.4,0.2,0.0,0.0,0.0,0.0,0.0,0.0,0.0,118,37.064,0,33,2.3952396,0.17
2023-01-24 08:00:00,6.6,15,6.3,14.0,63,4.3,53.0,63,75,1.2,47.0,51,28,9,26.7,53.4,5.1,4.8,57.4,115.6,0.0,0.0,0.0,0.0,0.0,0.0,0.0,0.0,132,43.027,0,33,2.3202552000000005,0.14
2023-01-24 10:00:00,6.3,15,6.0,14.0,64,4.8,49.0,63,75,1.2,45.0,51,29,9,25.6,55.3,5.2,4.7,59.4,123.1,0.0,0.0,0.0,0.0,0.0,0.0,0.0,0.0,146,49.058,0,33,2.2752264,0.14
2023-01-24 12:00:00,6.2,15,6.0,14.0,66,4.6,51.0,63,75,1.1,42.0,51,28,9,24.6,54.1,5.4,4.9,58.0,116.3,0.0,0.0,0.0,0.0,0.0,0.0,0.0,0.0,160,55.105,0,33,2.443702799999999,0.16
2023-01-24 14:00:00,6.6,15,6.2,14.0,74,4.8,56.0,63,75,1.1,49.0,51,31,9,28.4,53.9,5.4,5.0,57.2,115.5,0.0,28.2,54.3,5.2,4.9,56.5,133.8,0.0,175,61.54,0,33,2.3902788000000013,0.15
2023-01-24 16:00:00,6.3,15,6.1,14.0,65,4.5,54.0,63,75,1.2,50.0,51,32,9,29.7,53.4,5.1,4.8,57.1,114.1,0.0,0.0,0.0,0.0,0.0,0.0,0.0,0.0,189,67.449,0,33,2.566196400000001,0.15
2023-01-24 18:00:00,6.2,15,6.0,14.0,65,3.1,47.0,63,75,1.0,45.0,51,30,9,26.1,54.1,5.1,4.8,57.1,115.9,0.0,0.0,0.0,0.0,0.0,0.0,0.0,0.0,203,73.205,0,33,2.321082,0.14
2023-01-24 20:00:00,6.1,15,5.9,14.0,65,4.4,44.0,63,75,0.8,41.0,51,30,9,20.4,54.0,5.1,4.8,57.4,116.4,0.0,0.0,0.0,0.0,0.0,0.0,0.0,0.0,218,79.134,0,33,2.0887512,0.1
2023-01-25 00:00:00,6.3,15,5.9,14.0,65,4.4,46.0,63,75,1.1,44.0,51,30,9,25.1,57.8,5.1,4.8,61.1,135.9,0.0,0.0,0.0,0.0,0.0,0.0,0.0,0.0,114,35.38,0,33,2.3106833999999985,0.1
2023-01-25 02:00:00,6.3,15,5.9,14.0,65,4.5,55.0,63,75,1.1,45.0,51,32,9,24.7,56.7,5.2,4.8,60.0,121.5,0.0,0.0,0.0,0.0,0.0,0.0,0.0,0.0,128,41.314,0,33,1.7845578000000009,0.13
2023-01-25 04:00:00,6.0,15,5.8,14.0,65,4.4,48.0,63,75,1.1,45.0,51,32,9,23.9,57.6,5.2,4.8,60.3,123.7,0.0,0.0,0.0,0.0,0.0,0.0,0.0,0.0,139,46.037,0,33,1.7783831999999993,0.12
2023-01-25 06:00:00,6.2,15,5.9,14.0,65,4.4,46.0,63,75,1.3,41.0,52,27,9,24.7,55.2,5.0,4.6,59.3,121.7,0.0,0.0,0.0,0.0,0.0,0.0,0.0,0.0,153,52.083,0,33,1.7741519999999995,0.12
2023-01-25 08:00:00,6.5,15,6.0,14.0,65,4.3,50.0,65,75,1.0,46.0,52,28,9,25.9,55.8,4.9,4.6,58.4,117.9,0.0,0.0,0.0,0.0,0.0,0.0,0.0,0.0,166,57.688,0,33,1.8070914,0.1
2023-01-25 10:00:00,6.3,15,6.1,14.0,65,4.3,45.0,64,75,1.2,43.0,52,27,9,24.8,54.4,4.9,4.6,57.6,117.5,0.0,0.0,0.0,0.0,0.0,0.0,0.0,0.0,175,61.54,0,33,1.8051234000000007,0.1
2023-01-25 12:00:00,6.5,15,6.5,14.0,65,4.3,51.0,63,76,1.1,48.0,52,29,9,25.1,55.3,5.0,4.8,57.8,117.7,0.0,0.0,0.0,0.0,0.0,0.0,0.0,0.0,189,67.449,0,33,1.7099459999999995,0.12
2023-01-25 14:00:00,6.2,15,6.0,14.0,64,4.6,47.0,63,75,1.1,43.0,53,29,9,22.7,55.2,4.9,4.6,58.6,116.8,0.0,0.0,0.0,0.0,0.0,0.0,0.0,0.0,204,73.609,0,33,1.7259606000000007,0.13
2023-01-25 16:00:00,6.2,15,5.8,14.0,64,4.6,54.0,64,75,1.1,45.0,53,28,9,24.9,55.5,5.0,4.7,58.0,114.1,0.0,0.0,0.0,0.0,0.0,0.0,0.0,0.0,217,78.748,0,33,1.8229338,0.12
2023-01-25 18:00:00,6.3,15,6.0,14.0,64,4.6,54.0,64,75,1.1,44.0,53,28,9,27.0,55.9,5.0,4.7,59.1,115.9,0.0,0.0,0.0,0.0,0.0,0.0,0.0,0.0,228,82.909,0,33,1.805197199999999,0.11
2023-01-25 20:00:00,6.5,15,6.2,14.0,64,4.6,55.0,64,75,1.1,46.0,53,28,9,17.7,55.3,5.0,4.7,58.4,116.0,0.0,0.0,0.0,0.0,0.0,0.0,0.0,0.0,138,45.606,0,33,1.7001798000000008,0.09
2023-01-26 00:00:00,6.3,15,6.0,14.0,64,4.4,55.0,64,75,0.9,47.0,53,28,9,26.5,55.6,5.0,4.7,58.8,116.9,0.0,0.0,0.0,0.0,0.0,0.0,0.0,0.0,161,55.536,0,33,1.8631794000000008,0.1
2023-01-26 02:00:00,6.3,15,6.0,14.0,65,4.4,49.0,63,75,1.1,46.0,51,32,9,24.6,56.0,5.2,4.8,58.7,115.5,0.0,0.0,0.0,0.0,0.0,0.0,0.0,0.0,176,61.966,0,33,2.008557,0.08
2023-01-26 04:00:00,6.3,15,6.0,14.0,65,4.4,53.0,63,75,1.2,43.0,51,32,9,24.8,54.3,5.2,4.8,57.5,116.0,0.0,0.0,0.0,0.0,0.0,0.0,0.0,0.0,189,67.449,0,33,2.016174199999999,0.14
2023-01-26 06:00:00,6.3,15,6.0,14.0,68,4.4,48.0,64,75,1.2,46.0,53,29,9,25.5,54.0,5.0,4.6,57.0,221.9,0.2,0.0,0.0,0.0,0.0,0.0,0.0,0.0,203,73.205,0,33,1.991185400000002,0.14
2023-01-26 08:00:00,6.4,15,6.1,14.0,67,4.5,44.0,63,75,1.2,42.0,53,28,9,24.2,58.8,5.0,4.6,61.8,169.6,0.0,0.0,0.0,0.0,0.0,0.0,0.0,0.0,218,79.134,0,33,1.9858424,0.16
2023-01-26 10:00:00,6.4,15,6.1,14.0,65,4.6,55.0,63,75,1.2,48.0,53,29,9,25.7,57.2,5.1,4.7,60.3,118.2,0.0,0.0,0.0,0.0,0.0,0.0,0.0,0.0,144,48.194,0,33,1.9920074,0.16
2023-01-26 12:00:00,6.5,15,6.2,14.0,67,4.5,47.0,64,75,1.0,45.0,53,29,9,19.5,57.7,5.0,4.8,61.1,125.3,0.0,0.0,0.0,0.0,0.0,0.0,0.0,0.0,158,54.242,0,33,1.9518938,0.15
2023-01-26 14:00:00,6.8,15,6.2,14.0,65,4.6,44.0,63,76,1.0,41.0,53,27,9,17.1,56.9,5.0,4.7,60.3,113.6,0.0,0.0,0.0,0.0,0.0,0.0,0.0,0.0,173,60.687,0,33,2.0013782000000004,0.16
2023-01-26 16:00:00,6.6,15,6.2,14.0,66,4.4,52.0,63,75,1.2,47.0,53,29,9,26.8,55.7,5.0,4.6,59.5,110.5,0.0,0.0,0.0,0.0,0.0,0.0,0.0,0.0,184,65.353,0,33,2.0576852,0.16
2023-01-26 18:00:00,6.4,15,6.1,14.0,66,4.5,46.0,63,75,1.2,43.0,53,29,9,25.3,55.6,5.0,4.6,59.0,109.4,0.0,0.0,0.0,0.0,0.0,0.0,0.0,0.0,199,71.58,0,33,1.980472000000001,0.13
2023-01-26 20:00:00,6.5,15,6.3,14.0,65,4.5,53.0,63,75,1.0,48.0,53,29,9,25.9,56.0,5.0,4.6,58.9,105.4,0.0,0.0,0.0,0.0,0.0,0.0,0.0,0.0,215,77.972,0,33,1.9393719999999988,0.17
2023-01-27 00:00:00,6.4,15,6.1,14.0,65,4.5,54.0,63,75,1.2,46.0,53,29,9,26.6,56.2,5.0,4.6,59.4,110.2,0.0,0.0,0.0,0.0,0.0,0.0,0.0,0.0,104,31.224,0,33,2.0543150000000003,0.16
2023-01-27 02:00:00,6.4,15,6.0,14.0,65,4.5,48.0,63,75,1.1,44.0,53,30,9,25.8,56.9,5.2,4.8,60.0,110.0,0.0,0.0,0.0,0.0,0.0,0.0,0.0,0.0,120,37.909,0,33,1.7759679999999989,0.15
2023-01-27 04:00:00,6.4,15,6.0,14.0,65,4.5,54.0,63,75,1.1,47.0,53,30,9,26.3,57.5,5.2,4.8,60.7,114.8,0.0,0.0,0.0,0.0,0.0,0.0,0.0,0.0,138,45.606,0,33,1.8730468,0.15
2023-01-27 06:00:00,6.1,15,5.9,14.0,65,4.4,47.0,63,75,1.1,45.0,53,29,9,26.0,58.0,5.2,4.8,61.7,177.6,0.0,0.0,0.0,0.0,0.0,0.0,0.0,0.0,147,49.49,0,33,1.8292064000000008,0.16
2023-01-27 08:00:00,6.5,15,5.9,14.0,66,4.4,47.0,63,75,1.0,41.0,53,27,9,25.1,58.2,5.0,4.7,61.4,132.3,0.0,0.0,0.0,0.0,0.0,0.0,0.0,0.0,159,54.673,0,33,1.8500598000000008,0.22
2023-01-27 10:00:00,6.5,15,6.1,14.0,65,4.6,50.0,63,75,1.1,46.0,53,29,17,15.8,56.4,5.2,4.7,59.5,255.1,0.2,0.0,0.0,0.0,0.0,0.0,0.0,0.0,175,61.54,0,33,1.7698211999999995,0.21
2023-01-27 12:00:00,6.5,15,6.0,14.0,64,4.5,45.0,63,75,1.2,43.0,53,29,9,24.3,53.7,5.0,4.6,57.0,107.8,0.0,0.0,0.0,0.0,0.0,0.0,0.0,0.0,186,66.193,0,33,1.8413476000000013,0.21
2023-01-27 14:00:00,6.4,15,6.2,14.0,65,4.6,55.0,63,75,1.2,47.0,53,29,9,26.2,53.7,5.1,4.7,56.8,105.1,0.0,0.0,0.0,0.0,0.0,0.0,0.0,0.0,198,71.171,0,33,1.9270217999999983,0.16
2023-01-27 16:00:00,6.3,15,6.2,14.0,66,4.5,54.0,65,75,1.2,49.0,53,30,9,27.6,52.8,5.0,4.7,55.7,103.0,0.0,27.1,56.8,5.0,4.7,59.1,135.1,0.0,115,35.8,0,33,1.8983452000000007,0.14
2023-01-27 18:00:00,6.2,15,5.9,14.0,66,4.4,56.0,65,75,1.2,49.0,53,30,9,26.8,56.0,5.0,4.7,60.1,111.1,0.0,0.0,0.0,0.0,0.0,0.0,0.0,0.0,127,40.886,0,33,1.8078704000000008,0.14
2023-01-27 20:00:00,6.4,15,6.2,14.0,66,4.4,49.0,65,75,1.2,45.0,53,30,9,25.6,57.0,5.0,4.7,60.4,115.2,0.0,0.0,0.0,0.0,0.0,0.0,0.0,0.0,143,47.763,0,33,1.7793715999999995,0.12
2023-01-28 00:00:00,6.4,15,6.1,14.0,66,4.4,53.0,65,75,1.2,48.0,53,30,9,27.1,53.9,5.0,4.7,57.3,110.9,0.0,0.0,0.0,0.0,0.0,0.0,0.0,0.0,167,58.117,0,33,1.9068034,0.13
2023-01-28 02:00:00,6.5,15,6.2,14.0,65,4.4,47.0,63,75,1.1,45.0,53,30,9,25.7,54.1,5.2,4.8,57.7,252.0,0.0,0.0,0.0,0.0,0.0,0.0,0.0,0.0,183,64.932,0,33,2.081768,0.11
2023-01-28 04:00:00,6.2,15,6.0,14.0,65,4.3,47.0,63,75,0.8,42.0,53,30,9,22.3,56.9,5.2,4.8,60.4,128.4,0.0,0.0,0.0,0.0,0.0,0.0,0.0,0.0,200,71.987,0,33,2.1565672000000005,0.12
2023-01-28 06:00:00,6.5,15,6.1,14.0,65,4.4,52.0,63,75,1.1,47.0,53,30,9,26.8,55.7,5.2,4.8,58.9,116.3,0.0,0.0,0.0,0.0,0.0,0.0,0.0,0.0,210,76.008,0,33,2.206324800000001,0.14
2023-01-28 08:00:00,6.4,15,6.1,14.0,65,4.4,46.0,63,75,1.2,43.0,53,29,9,25.8,53.3,5.0,4.7,57.2,116.9,0.0,0.0,0.0,0.0,0.0,0.0,0.0,0.0,221,80.283,0,33,2.137534399999999,0.1
2023-01-28 10:00:00,6.3,15,6.0,14.0,66,4.4,51.0,63,75,1.2,47.0,52,29,9,25.9,57.3,5.0,4.6,60.8,265.2,0.2,0.0,0.0,0.0,0.0,0.0,0.0,0.0,149,50.354,0,33,2.1896599999999986,0.12
2023-01-28 12:00:00,6.6,15,6.1,14.0,70,4.4,47.0,63,75,1.2,44.0,52,29,9,24.1,57.0,5.0,4.6,60.3,121.0,0.0,0.0,0.0,0.0,0.0,0.0,0.0,0.0,164,56.828,0,33,2.119152800000001,0.12
2023-01-28 14:00:00,6.7,15,6.2,14.0,65,4.4,54.0,65,75,1.0,47.0,52,29,9,26.6,55.7,5.0,4.6,58.8,116.7,0.0,0.0,0.0,0.0,0.0,0.0,0.0,0.0,182,64.51,0,33,2.1460591999999994,0.11
2023-01-28 16:00:00,6.6,15,6.2,14.0,65,4.4,48.0,63,75,1.2,45.0,52,29,9,27.2,54.2,5.0,4.6,58.3,116.1,0.0,0.0,0.0,0.0,0.0,0.0,0.0,0.0,193,69.112,0,33,2.2102024000000005,0.13
2023-01-28 18:00:00,6.5,15,5.7,14.0,65,4.4,50.0,63,75,0.9,42.0,52,29,9,16.4,54.4,5.0,4.6,57.8,252.4,0.2,0.0,0.0,0.0,0.0,0.0,0.0,0.0,210,76.008,0,33,2.140524,0.12
2023-01-28 20:00:00,6.5,15,6.0,14.0,65,4.4,50.0,63,75,1.1,47.0,52,29,9,25.8,53.1,5.0,4.6,57.1,114.4,0.0,0.0,0.0,0.0,0.0,0.0,0.0,0.0,223,81.042,0,33,2.125309599999999,0.16
2023-01-29 00:00:00,6.3,15,6.1,14.0,71,4.4,54.0,63,75,0.8,49.0,52,29,9,26.1,55.9,5.0,4.6,59.3,124.1,0.0,0.0,0.0,0.0,0.0,0.0,0.0,0.0,122,38.757,0,33,2.168555200000001,0.15
2023-01-29 02:00:00,6.6,15,6.0,14.0,65,4.4,48.0,63,75,1.1,45.0,53,30,9,25.2,55.3,5.2,4.8,58.7,125.0,0.0,0.0,0.0,0.0,0.0,0.0,0.0,0.0,134,43.885,0,33,1.9613244,0.17
2023-01-29 04:00:00,6.5,15,6.3,14.0,65,4.5,45.0,63,75,1.1,42.0,53,30,9,24.3,54.7,5.2,4.8,58.1,122.6,0.0,0.0,0.0,0.0,0.0,0.0,0.0,0.0,150,50.786,0,33,1.9002507999999996,0.12
2023-01-29 06:00:00,6.3,15,5.9,14.0,65,4.4,53.0,63,75,1.1,47.0,53,30,9,26.2,54.4,5.2,4.8,57.4,117.7,0.0,0.0,0.0,0.0,0.0,0.0,0.0,0.0,160,55.105,0,33,1.970661,0.11
2023-01-29 08:00:00,6.6,15,6.3,14.0,65,4.5,47.0,64,75,1.1,44.0,52,31,9,14.5,56.1,5.0,4.7,60.1,132.0,0.0,0.0,0.0,0.0,0.0,0.0,0.0,0.0,171,59.832,0,33,1.9570950000000005,0.12
2023-01-29 10:00:00,6.4,15,5.9,14.0,66,4.5,54.0,66,75,1.0,41.0,52,36,9,14.3,55.7,5.0,4.7,59.8,135.0,0.0,14.7,56.8,5.0,4.7,59.6,159.6,0.0,189,67.449,0,33,1.961218,0.12
2023-01-29 12:00:00,6.5,15,6.0,14.0,65,4.5,56.0,63,75,1.0,43.0,53,40,9,15.3,56.4,5.0,4.8,60.4,136.1,0.0,15.6,52.8,5.0,4.7,55.8,133.0,0.0,199,71.58,0,33,1.9180196,0.11
2023-01-29 14:00:00,6.3,15,6.0,14.0,68,4.5,54.0,64,75,1.0,48.0,51,40,9,15.6,51.3,5.0,4.7,55.0,118.7,0.2,16.0,53.8,5.0,4.6,53.7,135.1,0.0,217,78.748,0,33,1.9129922,0.14
2023-01-29 16:00:00,6.5,15,6.1,14.0,67,4.4,55.0,65,75,1.1,49.0,51,40,9,15.7,52.9,5.1,4.7,56.8,122.5,0.0,16.1,57.1,5.0,4.6,59.8,164.1,0.0,173,60.687,0,33,1.9580260000000005,0.14
2023-01-29 18:00:00,6.6,15,5.9,14.0,67,4.4,54.0,65,75,1.0,49.0,51,40,9,15.8,54.1,5.1,4.7,57.9,132.4,0.0,16.2,52.2,5.0,4.6,54.9,182.6,0.2,182,64.51,0,33,1.9455772,0.12
2023-01-29 20:00:00,6.3,15,6.0,14.0,67,4.4,54.0,65,75,1.0,49.0,51,40,9,15.8,53.2,5.1,4.7,57.0,261.2,0.2,16.2,55.3,5.0,4.6,58.0,137.8,0.0,194,69.525,0,33,1.9852111999999995,0.08
2023-01-30 00:00:00,6.7,15,6.3,14.0,67,4.5,55.0,65,75,1.0,50.0,51,40,9,16.1,53.3,5.1,4.7,57.1,128.5,0.0,16.4,53.0,5.0,4.6,55.7,132.6,0.0,223,81.042,0,33,1.9335806,0.09
2023-01-30 02:00:00,6.6,15,6.1,14.0,65,4.4,54.0,63,75,1.0,49.0,53,30,9,15.9,55.5,5.2,4.8,59.3,148.1,0.0,16.3,55.4,5.0,4.8,58.2,140.0,0.0,102,30.403,0,33,1.8136365,0.1
2023-01-30 04:00:00,6.7,15,6.3,14.0,65,4.5,55.0,63,75,1.0,49.0,53,30,9,15.9,51.5,5.2,4.8,55.3,123.7,0.0,16.3,52.5,5.0,4.8,55.1,131.8,0.0,112,34.542,0,33,1.9114035,0.1
2023-01-30 06:00:00,6.6,15,6.4,14.0,64,4.5,55.0,63,75,1.0,50.0,51,40,9,15.6,52.7,5.0,4.7,56.4,124.4,0.0,16.0,52.6,4.9,4.6,56.2,132.1,0.0,125,40.033,0,33,1.817232,0.11
2023-01-30 08:00:00,6.3,15,6.0,14.0,67,4.4,54.0,64,75,1.1,50.0,52,40,9,15.8,51.5,5.0,4.7,55.0,122.7,0.2,16.1,56.2,4.9,4.6,58.7,142.0,0.0,137,45.176,0,33,1.8592305,0.11
2023-01-30 10:00:00,6.5,15,6.0,14.0,65,4.4,55.0,64,75,1.0,49.0,52,40,9,15.8,53.7,5.0,4.6,57.5,127.6,0.0,16.1,53.6,4.9,4.5,56.4,133.9,0.0,155,52.947,0,33,1.8487754999999997,0.1
2023-01-30 12:00:00,6.5,15,6.2,14.0,65,4.5,54.0,63,75,1.0,48.0,52,40,9,15.7,55.7,5.0,4.6,59.5,149.4,0.0,15.9,56.0,4.9,4.6,59.0,146.4,0.0,166,57.688,0,33,1.8046860000000005,0.12
2023-01-30 14:00:00,6.8,15,6.2,14.0,67,4.5,55.0,63,75,1.0,47.0,52,41,9,15.8,52.0,5.0,4.7,55.9,122.2,0.0,16.2,54.0,4.9,4.6,57.0,135.7,0.0,178,62.816,0,33,1.846302,0.11
2023-01-30 16:00:00,6.5,15,6.2,14.0,66,4.4,55.0,63,75,1.1,48.0,51,41,9,16.4,53.7,5.0,4.7,57.6,127.1,0.0,16.7,54.9,5.0,4.6,58.3,272.2,0.2,195,69.938,0,33,1.76307,0.11
2023-01-30 18:00:00,6.6,15,6.2,14.0,65,4.4,54.0,63,75,1.1,49.0,51,40,9,16.0,51.3,5.0,4.7,55.3,117.0,0.0,16.3,56.8,5.0,4.6,59.8,162.2,0.0,207,74.814,0,33,1.8781005,0.12
2023-01-30 20:00:00,6.4,15,6.1,14.0,65,4.4,54.0,63,75,1.0,47.0,51,40,9,16.1,51.4,5.0,4.7,55.5,119.2,0.0,16.3,52.9,5.0,4.6,56.3,265.3,0.2,228,82.909,0,33,1.7207909999999993,0.1
2023-01-31 00:00:00,6.5,15,6.3,14.0,65,4.4,54.0,63,75,1.0,49.0,51,40,9,15.6,53.7,5.0,4.7,57.0,255.1,0.2,16.0,54.1,5.0,4.6,56.3,132.1,0.0,103,30.813,0,33,1.795378499999999,0.09
2023-01-31 02:00:00,6.7,15,6.4,14.0,65,4.5,54.0,63,75,1.0,49.0,53,30,9,15.8,52.8,5.2,4.8,56.3,112.2,0.0,16.0,57.5,5.0,4.8,59.8,164.2,0.0,114,35.38,0,33,2.047645600000001,0.11
2023-01-31 04:00:00,6.5,15,6.3,14.0,65,4.4,54.0,63,75,1.0,49.0,53,30,9,15.6,55.4,5.2,4.8,59.1,135.2,0.0,16.0,54.4,5.0,4.8,57.3,134.8,0.0,124,39.607,0,33,2.04347,0.1
2023-01-31 06:00:00,6.6,15,6.3,14.0,65,4.5,54.0,63,75,1.1,49.0,51,40,9,16.5,50.8,5.0,4.7,55.1,110.5,0.0,16.8,53.1,5.0,4.6,56.7,226.7,0.2,141,46.899,0,33,2.004860000000001,0.11
2023-01-31 08:00:00,6.5,15,6.3,14.0,65,4.5,55.0,63,74,1.1,50.0,51,40,9,16.1,52.8,4.9,4.7,57.2,121.7,0.0,16.5,54.6,4.7,4.6,57.9,138.3,0.0,152,51.651,0,33,2.0147269999999997,0.09
2023-01-31 10:00:00,6.5,15,6.1,14.0,65,4.4,54.0,64,75,1.0,49.0,51,39,9,14.8,55.8,4.9,4.6,59.3,231.3,0.0,15.3,53.2,4.9,4.6,55.5,132.4,0.0,168,58.546,0,33,2.0146984000000003,0.09
2023-01-31 12:00:00,6.4,15,6.3,14.0,65,4.4,55.0,63,75,1.0,49.0,51,40,9,16.0,52.7,4.9,4.6,56.8,123.2,0.0,16.1,55.3,4.8,4.5,58.9,272.2,0.2,179,63.24,0,33,1.9588712000000004,0.11
2023-01-31 14:00:00,6.5,15,6.2,14.0,66,4.6,54.0,64,75,1.1,49.0,51,40,9,15.8,55.4,5.2,4.9,59.4,143.3,0.0,16.2,54.6,5.1,4.8,57.4,137.0,0.0,190,67.866,0,33,2.1603009999999987,0.11
2023-01-31 16:00:00,6.3,15,6.1,14.0,68,4.6,54.0,63,75,1.2,47.0,52,40,9,15.9,51.6,5.2,4.9,55.4,120.2,0.0,16.3,54.3,5.0,4.6,57.8,269.0,0.2,206,74.413,0,33,2.0798778,0.1
2023-01-31 18:00:00,6.4,15,6.1,14.0,68,4.4,55.0,63,75,1.2,49.0,52,40,9,16.0,53.0,5.2,4.9,57.5,124.3,0.0,16.4,53.6,5.0,4.6,57.1,135.4,0.0,221,80.283,0,33,1.9868706,0.12
2023-01-31 20:00:00,6.8,15,6.3,14.0,68,4.4,54.0,63,75,0.9,49.0,52,40,9,14.6,53.6,5.2,4.9,57.8,127.1,0.0,15.1,55.0,5.0,4.6,58.3,141.1,0.0,229,83.277,0,33,2.039008399999999,0.11
2023-02-01 00:00:00,6.6,15,6.3,14.0,68,4.4,54.0,63,75,1.1,49.0,52,40,9,15.8,52.0,5.2,4.9,56.0,125.1,0.0,16.3,56.7,5.0,4.6,59.8,193.6,0.0,212,76.797,0,33,2.1019856000000003,0.12
2023-02-01 02:00:00,6.5,15,6.3,14.0,65,4.4,54.0,63,75,0.9,49.0,53,30,9,16.1,53.2,5.2,4.8,56.7,127.2,0.0,16.4,48.2,5.0,4.8,50.6,224.9,0.2,231,84.009,0,33,1.8349394999999984,0.11
2023-02-01 04:00:00,6.3,15,6.0,14.0,65,4.4,54.0,63,75,1.1,49.0,53,30,9,15.9,55.1,5.2,4.8,59.0,142.8,0.0,16.3,56.1,5.0,4.8,59.0,146.7,0.0,137,45.176,0,33,1.9909450000000009,0.1
2023-02-01 06:00:00,6.5,15,6.1,14.0,65,4.4,53.0,66,74,0.6,49.0,52,39,9,15.9,53.7,4.9,4.6,57.4,262.1,0.2,16.2,57.6,4.9,4.6,60.0,176.8,0.0,153,52.083,0,33,1.9334135,0.1
2023-02-01 08:00:00,6.5,15,6.0,14.0,66,4.4,55.0,63,75,1.0,49.0,52,40,9,15.3,52.6,5.0,4.7,56.3,125.2,0.0,16.0,54.0,5.0,4.7,56.8,133.5,0.0,164,56.828,0,33,1.958455999999999,0.12
2023-02-01 10:00:00,6.3,15,6.1,14.0,66,4.5,54.0,63,75,1.1,49.0,52,40,9,16.2,54.0,5.1,4.8,58.2,133.5,0.0,16.6,56.8,5.1,4.8,59.7,165.7,0.0,174,61.114,0,33,1.9361959999999991,0.14
2023-02-01 12:00:00,6.4,15,6.1,14.0,66,4.5,54.0,64,75,1.0,49.0,52,40,9,16.5,54.3,4.8,4.6,58.0,261.0,0.2,16.8,53.5,4.9,4.5,55.9,132.9,0.0,185,65.773,0,33,1.9299950000000008,0.12
2023-02-01 14:00:00,6.4,15,6.1,14.0,66,4.5,54.0,63,75,0.9,48.0,52,40,9,14.8,52.4,5.1,4.7,55.9,126.0,0.0,15.4,56.5,5.0,4.7,58.9,144.7,0.0,200,71.987,0,33,1.965478500000001,0.18
2023-02-01 16:00:00,6.7,15,6.3,14.0,64,4.6,55.0,63,75,1.0,46.0,52,40,9,16.4,53.6,5.0,4.8,57.8,130.5,0.0,16.7,52.5,4.9,4.7,55.5,132.9,0.0,212,76.797,0,33,1.9582705,0.17
2023-02-01 18:00:00,6.2,15,6.0,14.0,64,4.4,54.0,63,75,0.8,49.0,52,40,16,14.6,55.9,5.0,4.8,59.3,146.7,0.0,15.3,55.5,4.9,4.7,57.9,139.0,0.0,239,86.858,0,33,1.735644,0.15
2023-02-01 20:00:00,6.5,15,5.8,14.0,64,4.3,54.0,63,75,1.0,49.0,52,40,9,16.1,51.6,5.0,4.8,55.8,256.5,0.2,16.5,53.0,4.9,4.7,56.4,271.5,0.2,135,44.315,0,33,2.008090499999999,0.1
2023-02-02 00:00:00,6.7,15,5.9,14.0,64,4.4,54.0,63,75,1.0,49.0,52,40,9,16.3,54.7,5.0,4.8,58.8,137.2,0.0,16.6,53.8,4.9,4.7,57.2,266.3,0.2,160,55.105,0,33,1.9821735,0.11
2023-02-02 02:00:00,6.6,15,6.1,14.0,65,4.4,54.0,63,75,1.0,49.0,53,40,9,15.6,52.2,5.2,4.8,55.9,252.3,0.2,15.9,54.4,5.0,4.8,57.2,136.5,0.0,177,62.391,0,33,2.0269661999999995,0.1
2023-02-02 04:00:00,6.8,15,6.1,14.0,65,4.5,54.0,63,75,1.0,49.0,53,40,9,15.7,53.2,5.2,4.8,56.9,125.3,0.0,16.2,55.4,5.0,4.8,58.7,273.2,0.2,186,66.193,0,33,2.087666700000001,0.11
2023-02-02 06:00:00,6.4,15,6.2,14.0,65,4.6,54.0,63,75,1.0,49.0,51,40,9,15.9,56.1,5.0,4.7,59.7,166.8,0.0,16.3,55.2,5.0,4.7,57.9,139.7,0.0,203,73.205,0,33,1.9739573,0.12
2023-02-02 08:00:00,6.4,15,6.0,14.0,66,4.5,55.0,64,75,1.0,49.0,51,40,9,15.8,52.5,5.0,4.7,56.1,123.6,0.0,16.1,53.4,5.0,4.7,55.9,134.0,0.0,214,77.582,0,33,2.1437752,0.12
2023-02-02 10:00:00,6.5,15,6.2,14.0,65,4.6,55.0,65,75,1.0,49.0,52,40,9,15.8,54.1,5.1,4.8,57.8,128.4,0.0,16.2,55.9,5.0,4.7,58.8,143.3,0.0,107,32.462,0,33,2.129740899999999,0.14
2023-02-02 12:00:00,6.3,15,6.1,14.0,66,4.5,54.0,63,75,1.0,49.0,52,40,9,16.0,52.8,5.0,4.7,56.3,251.6,0.2,16.4,54.4,5.0,4.7,57.0,135.4,0.0,118,37.064,0,33,2.0639318000000006,0.12
2023-02-02 14:00:00,6.6,15,6.3,14.0,68,4.6,55.0,64,75,1.1,50.0,52,40,9,15.9,52.1,4.9,4.7,56.4,125.1,0.0,16.2,53.3,4.7,4.6,57.2,265.5,0.2,129,41.741,0,33,2.119093200000001,0.17
2023-02-02 16:00:00,6.4,15,5.9,14.0,66,4.5,54.0,64,75,1.1,49.0,52,40,9,16.1,54.8,5.1,4.8,59.0,141.0,0.0,16.4,54.3,5.0,4.7,57.4,138.1,0.0,143,47.763,0,33,2.1479079999999984,0.16
2023-02-02 18:00:00,6.7,15,6.2,14.0,66,4.5,54.0,64,75,1.1,48.0,52,40,9,16.1,51.4,5.1,4.8,55.6,124.2,0.0,16.5,51.9,5.0,4.7,55.2,133.7,0.0,154,52.515,0,33,2.155456100000002,0.14
2023-02-02 20:00:00,6.4,15,6.1,14.0,66,4.5,54.0,64,75,1.0,47.0,52,40,9,16.0,54.2,5.1,4.8,58.2,133.1,0.0,16.3,56.6,5.0,4.7,59.6,157.2,0.0,168,58.546,0,33,2.0545468999999987,0.1
2023-02-03 00:00:00,6.4,15,6.1,14.0,66,4.5,54.0,64,75,1.1,49.0,52,40,9,16.3,51.9,5.1,4.8,56.2,124.9,0.0,16.6,56.7,5.0,4.7,59.9,189.0,0.0,199,71.58,0,33,2.060545199999999,0.11
2023-02-03 02:00:00,6.7,15,6.3,14.0,65,4.5,54.0,63,75,1.0,49.0,53,40,9,15.8,54.7,5.2,4.8,58.7,135.2,0.0,16.2,52.7,5.0,4.8,55.7,133.9,0.0,217,78.748,0,33,2.006965800000001,0.1
2023-02-03 04:00:00,6.4,15,5.9,14.0,65,4.4,53.0,63,75,1.1,49.0,53,40,9,15.7,51.0,5.2,4.8,55.1,234.9,0.2,16.1,55.9,5.0,4.8,58.9,144.8,0.0,229,83.277,0,33,2.044556400000001,0.12
2023-02-03 06:00:00,6.3,15,6.0,14.0,65,4.5,55.0,63,75,1.1,49.0,52,40,9,16.1,52.4,5.0,4.7,56.5,124.7,0.0,16.4,52.4,4.9,4.6,55.4,132.9,0.0,126,40.459,0,33,2.0571335999999985,0.11
2023-02-03 08:00:00,6.6,15,6.1,14.0,64,4.6,55.0,64,75,1.0,50.0,52,40,9,15.9,55.2,4.9,4.7,58.6,135.0,0.0,16.2,56.2,4.9,4.6,58.5,141.8,0.0,136,44.745,0,33,2.1221063999999994,0.12
2023-02-03 10:00:00,6.4,15,6.1,14.0,64,4.6,54.0,63,75,1.1,50.0,52,40,9,15.6,53.2,5.0,4.7,57.2,259.0,0.2,16.2,52.1,4.9,4.6,55.1,133.3,0.0,151,51.219,0,33,2.064522000000001,0.12
2023-02-03 12:00:00,6.4,15,6.2,14.0,66,4.6,55.0,64,75,1.1,49.0,52,40,9,15.8,52.0,5.0,4.7,55.8,124.4,0.0,16.2,54.7,5.0,4.7,57.7,138.6,0.0,162,55.967,0,33,2.096359800000001,0.14
2023-02-03 14:00:00,6.5,15,6.1,15.0,65,4.5,55.0,65,75,1.2,49.0,52,40,9,16.0,53.8,5.1,4.8,57.9,130.7,0.0,16.4,52.1,5.0,4.7,55.0,133.2,0.0,176,61.966,0,33,2.100420599999999,0.11
2023-02-03 16:00:00,6.6,15,6.3,14.0,66,4.6,54.0,65,75,1.2,49.0,52,40,9,16.0,52.9,5.2,4.8,56.8,257.9,0.2,16.4,55.7,5.0,4.7,58.8,145.6,0.0,189,67.449,0,33,2.037309000000001,0.1
2023-02-03 18:00:00,6.5,15,6.1,14.0,66,4.5,54.0,65,75,1.1,47.0,52,40,9,15.9,51.2,5.2,4.8,55.1,123.3,0.0,16.3,57.1,5.0,4.7,59.6,156.4,0.0,199,71.58,0,33,2.1886584,0.1
2023-02-03 20:00:00,6.5,15,6.1,14.0,66,4.5,55.0,65,75,0.9,48.0,52,40,9,14.9,53.0,5.2,4.8,57.1,128.0,0.0,15.4,53.6,5.0,4.7,56.5,134.3,0.0,221,80.283,0,33,1.9442207999999987,0.09
2023-02-04 00:00:00,6.5,15,6.3,14.0,66,4.5,54.0,65,75,1.1,50.0,52,40,9,16.1,51.0,5.2,4.8,54.9,217.4,0.0,16.4,53.0,5.0,4.7,55.8,133.1,0.0,137,45.176,0,33,2.178252599999999,0.1
2023-02-04 02:00:00,6.4,15,6.2,14.0,65,4.5,54.0,63,75,1.1,49.0,53,40,9,15.8,52.8,5.2,4.8,56.9,127.0,0.0,16.1,56.5,5.0,4.8,59.6,156.2,0.0,146,49.058,0,33,2.102094000000001,0.1
2023-02-04 04:00:00,6.5,15,6.3,14.0,65,4.5,54.0,63,75,1.1,49.0,53,40,9,15.6,55.5,5.2,4.8,59.3,145.1,0.0,16.0,53.3,5.0,4.8,56.2,133.7,0.0,156,53.379,0,33,2.15644,0.12
2023-02-04 06:00:00,6.5,15,6.1,14.0,66,4.5,54.0,64,75,1.0,50.0,52,40,9,16.1,56.4,5.0,4.7,59.7,170.7,0.0,16.4,54.3,5.0,4.7,56.7,134.9,0.0,170,59.404,0,33,2.0719629999999998,0.12
2023-02-04 08:00:00,6.5,15,6.3,14.0,65,4.5,54.0,64,75,1.0,50.0,52,40,9,16.3,51.9,5.0,4.6,55.5,125.1,0.0,16.6,55.3,4.8,4.6,58.6,275.1,0.2,184,65.353,0,33,2.1519160000000004,0.1
2023-02-04 10:00:00,6.4,15,6.2,14.0,66,4.6,55.0,66,75,1.0,49.0,52,40,9,15.9,53.7,5.0,4.7,57.6,130.1,0.0,16.2,54.0,5.0,4.6,56.8,135.1,0.0,197,70.761,0,33,2.170273,0.1
2023-02-04 12:00:00,6.6,15,6.3,14.0,65,4.5,54.0,64,75,1.1,50.0,52,40,9,16.1,55.5,4.9,4.6,59.6,194.6,0.0,16.4,55.9,4.9,4.6,59.6,231.0,0.0,185,65.773,0,33,2.184744,0.12
2023-02-04 14:00:00,6.5,15,6.0,14.0,66,4.4,55.0,64,75,1.1,50.0,52,41,9,16.2,52.0,5.0,4.6,55.8,125.0,0.0,16.5,54.1,4.9,4.6,57.2,135.6,0.0,198,71.171,0,33,2.0706,0.11
2023-02-04 16:00:00,6.5,15,6.3,14.0,66,4.5,55.0,64,75,1.0,49.0,52,40,9,16.0,54.8,5.0,4.7,58.4,133.2,0.0,16.2,52.7,5.0,4.6,55.4,245.9,0.2,212,76.797,0,33,2.133935999999999,0.11
2023-02-04 18:00:00,6.5,15,6.1,14.0,66,4.4,54.0,64,75,1.0,48.0,52,40,9,16.1,55.8,5.0,4.7,59.5,156.3,0.0,16.3,53.6,5.0,4.6,56.3,133.8,0.0,226,82.167,0,33,2.1458260000000013,0.1
2023-02-04 20:00:00,6.5,15,6.2,14.0,66,4.5,54.0,64,75,1.1,47.0,52,40,9,16.1,51.5,5.0,4.7,56.0,125.4,0.0,16.4,51.5,5.0,4.6,55.0,149.0,0.2,94,27.161,0,33,2.060189,0.08
2023-02-05 00:00:00,6.7,15,6.3,14.0,66,4.5,54.0,64,75,0.9,49.0,52,40,9,16.6,54.7,5.0,4.7,58.7,139.1,0.0,17.0,57.0,5.0,4.6,59.5,157.9,0.0,131,42.598,0,33,1.9899800000000003,0.1
2023-02-05 02:00:00,6.4,15,6.1,14.0,65,4.4,54.0,63,75,1.0,49.0,53,40,9,15.3,51.8,5.2,4.8,55.6,126.0,0.0,15.7,54.1,5.0,4.8,57.1,135.6,0.0,143,47.763,0,33,1.914535,0.11
2023-02-05 04:00:00,6.5,15,6.2,14.0,65,4.4,54.0,63,75,1.1,49.0,53,40,9,16.2,52.8,5.2,4.8,57.1,129.9,0.0,16.6,55.2,5.0,4.8,58.8,275.3,0.2,156,53.379,0,33,1.9208125999999992,0.09
2023-02-05 06:00:00,6.6,15,6.1,14.0,65,4.4,53.0,63,75,1.0,49.0,53,40,9,15.9,53.6,5.2,4.8,57.6,261.3,0.2,16.3,55.6,5.0,4.8,58.4,140.5,0.0,167,58.117,0,33,1.9071136000000013,0.1
2023-02-05 08:00:00,6.4,15,5.9,14.0,66,4.3,54.0,64,75,1.0,49.0,51,40,9,15.9,52.2,4.9,4.6,55.5,125.5,0.0,16.3,53.8,4.9,4.5,56.8,267.7,0.2,180,63.664,0,33,1.9041077999999985,0.11
2023-02-05 10:00:00,6.4,15,6.1,14.0,65,4.5,55.0,64,75,0.9,49.0,51,40,9,16.5,53.6,4.9,4.6,57.8,131.4,0.0,16.9,55.0,4.8,4.5,58.0,139.0,0.0,194,69.525,0,33,1.8993198,0.11
2023-02-05 12:00:00,6.4,15,6.2,14.0,66,4.4,55.0,66,75,1.0,49.0,51,40,9,15.8,52.1,5.1,4.8,55.6,123.5,0.0,16.3,54.0,4.9,4.6,56.7,134.3,0.0,103,30.813,0,33,1.809172400000001,0.12
2023-02-05 14:00:00,6.7,15,6.4,14.0,66,4.5,55.0,64,75,1.1,49.0,51,40,9,16.1,54.7,5.0,4.7,58.5,134.6,0.0,16.4,51.9,4.9,4.6,55.0,235.3,0.2,114,35.38,0,33,1.9306014,0.11
2023-02-05 16:00:00,6.3,15,6.1,14.0,64,4.5,54.0,64,75,1.1,49.0,51,40,9,16.0,51.1,4.9,4.6,55.0,124.1,0.0,16.4,55.7,4.8,4.6,58.7,143.1,0.0,127,40.886,0,33,1.9449919999999996,0.1
2023-02-05 18:00:00,6.5,15,6.2,14.0,64,4.4,55.0,64,75,1.1,49.0,51,40,9,16.9,53.2,4.9,4.6,57.7,127.8,0.0,17.1,53.3,4.9,4.6,56.6,134.8,0.0,139,46.037,0,33,1.9296438,0.1
2023-02-05 20:00:00,6.6,15,6.1,14.0,64,4.4,53.0,64,75,1.0,48.0,51,40,9,16.2,54.3,4.9,4.6,59.1,145.2,0.0,16.5,54.8,4.9,4.6,58.6,142.8,0.0,152,51.651,0,33,1.9494076,0.08
2023-02-06 00:00:00,6.6,15,6.0,14.0,64,4.4,54.0,64,75,1.0,46.0,51,40,9,15.4,53.2,4.9,4.6,57.4,128.8,0.0,15.8,56.9,4.9,4.6,60.1,203.7,0.0,177,62.391,0,33,1.8922176000000008,0.09
2023-02-06 02:00:00,6.4,15,6.1,14.0,65,4.5,53.0,63,75,1.0,49.0,53,40,9,15.8,56.2,5.2,4.8,59.6,194.7,0.0,16.3,54.9,5.0,4.8,57.7,136.9,0.0,192,68.697,0,33,2.0225818,0.1
2023-02-06 04:00:00,6.4,15,6.1,14.0,65,4.4,54.0,63,75,1.0,49.0,53,40,9,16.3,56.2,5.1,4.8,59.7,158.0,0.0,16.6,53.0,5.1,4.8,55.6,132.8,0.0,206,74.413,0,33,2.0553745,0.08
2023-02-06 06:00:00,6.6,15,6.0,14.0,65,4.4,55.0,64,75,1.0,50.0,50,40,9,15.9,51.8,5.0,4.7,55.5,125.4,0.0,16.3,55.1,5.0,4.7,57.8,137.6,0.0,218,79.134,0,33,2.0166527,0.1
2023-02-06 08:00:00,6.5,15,6.0,14.0,66,4.5,55.0,66,75,1.0,50.0,53,40,18,15.7,54.0,5.1,4.7,58.0,130.6,0.0,16.2,52.4,5.0,4.6,55.4,132.8,0.0,107,32.462,0,33,1.9797855000000004,0.08
2023-02-06 10:00:00,6.3,15,6.1,14.0,65,4.6,54.0,64,75,1.0,49.0,53,40,9,15.9,54.0,5.2,4.7,57.5,260.5,0.2,16.2,55.2,5.1,4.7,58.2,139.2,0.0,115,35.8,0,33,2.1262427,0.08
2023-02-06 12:00:00,6.5,15,6.2,14.0,65,4.6,55.0,64,75,1.1,50.0,53,40,9,16.3,52.7,5.1,4.7,57.0,127.5,0.0,16.6,52.6,5.1,4.7,56.1,134.6,0.0,129,41.741,0,33,2.064226,0.1
2023-02-06 14:00:00,6.5,15,6.3,14.0,66,4.5,54.0,64,75,0.9,50.0,53,41,9,16.3,55.5,5.0,4.7,59.2,250.6,0.0,16.6,54.4,5.0,4.7,57.6,268.9,0.2,140,46.468,0,33,2.0989857,0.12
2023-02-06 16:00:00,6.5,15,6.0,14.0,66,4.5,55.0,64,75,1.2,50.0,53,41,9,15.7,49.5,5.1,4.7,53.4,100.1,0.2,16.1,55.5,5.1,4.7,58.4,140.7,0.0,152,51.651,0,33,2.0378401000000004,0.11
2023-02-06 18:00:00,6.6,15,6.1,14.0,65,4.5,54.0,64,75,1.0,49.0,53,41,9,16.2,55.4,5.1,4.7,59.2,141.8,0.0,16.5,54.4,5.1,4.7,57.1,136.1,0.0,165,57.258,0,33,1.9621667999999997,0.1
2023-02-06 20:00:00,6.5,15,6.1,14.0,65,4.5,54.0,64,75,1.0,49.0,53,41,9,14.9,51.3,5.1,4.7,55.4,125.5,0.0,15.4,54.7,5.1,4.7,58.2,274.5,0.2,179,63.24,0,33,2.0437411,0.08
2023-02-07 00:00:00,6.3,15,6.1,14.0,65,4.4,54.0,64,75,1.1,46.0,53,41,9,16.3,51.0,5.1,4.7,55.6,124.2,0.0,16.6,53.2,5.1,4.7,56.3,134.1,0.0,204,73.609,0,33,2.031601900000001,0.09
2023-02-07 02:00:00,6.4,15,6.1,14.0,65,4.3,54.0,63,75,1.0,45.0,53,40,9,16.2,53.0,5.2,4.8,56.4,126.9,0.0,16.5,55.4,5.0,4.8,57.6,136.0,0.0,220,79.902,0,33,2.1255062,0.11
2023-02-07 04:00:00,6.4,15,6.0,14.0,65,4.3,54.0,63,75,1.0,49.0,53,40,9,15.0,55.5,5.2,4.8,59.6,153.9,0.0,16.7,52.0,5.0,4.8,54.9,200.0,0.2,101,29.994,0,33,2.1248719999999994,0.1
2023-02-07 06:00:00,6.5,15,6.0,14.0,66,4.4,54.0,63,74,1.0,49.0,53,39,9,15.0,52.0,5.1,4.7,55.2,125.0,0.0,15.3,55.6,4.8,4.5,57.8,136.3,0.0,116,36.22,0,33,2.2104286,0.1
2023-02-07 08:00:00,6.6,15,6.3,14.0,65,4.6,55.0,64,75,1.1,50.0,53,40,9,16.0,53.3,5.3,5.0,57.3,130.0,0.0,16.4,54.8,5.3,5.0,57.9,276.4,0.2,127,40.886,0,33,2.2033316,0.08
2023-02-07 10:00:00,6.6,15,6.3,14.0,65,4.5,54.0,64,75,1.1,49.0,53,40,9,15.5,55.3,5.1,4.7,59.3,149.3,0.0,15.9,53.4,5.0,4.7,56.4,133.0,0.0,141,46.899,0,33,2.2134183999999992,0.1
2023-02-07 12:00:00,6.5,15,6.1,14.0,65,4.3,54.0,64,75,1.0,50.0,53,40,9,16.2,51.3,4.8,4.4,55.1,125.2,0.0,16.4,55.1,4.8,4.4,58.1,274.1,0.2,152,51.651,0,33,2.264547000000002,0.1
2023-02-07 14:00:00,6.5,15,6.3,14.0,64,4.5,55.0,64,75,1.1,49.0,53,40,9,16.1,51.7,4.9,4.7,56.0,128.6,0.0,16.4,52.5,4.8,4.6,55.7,133.1,0.0,166,57.688,0,33,2.361277599999998,0.12
2023-02-07 16:00:00,6.5,15,6.2,14.0,64,4.4,55.0,64,75,0.9,50.0,53,40,12,15.1,52.8,5.1,4.8,57.1,130.9,0.0,15.5,53.8,5.0,4.7,57.1,136.1,0.0,180,63.664,0,33,2.293599400000003,0.1
2023-02-07 18:00:00,6.2,15,6.8,14.0,67,4.1,54.0,64,75,1.0,49.0,53,40,9,15.9,55.7,5.1,4.8,59.1,141.9,0.0,16.1,57.6,5.0,4.7,60.2,177.4,0.0,192,68.697,0,33,2.323195399999998,0.1
2023-02-07 20:00:00,6.4,15,6.0,14.0,67,4.2,54.0,64,75,1.0,49.0,53,40,9,15.9,54.2,5.1,4.8,57.4,261.9,0.2,16.3,53.5,5.0,4.7,55.6,131.4,0.0,207,74.814,0,33,2.1626824,0.07
2023-02-08 00:00:00,6.6,15,6.2,14.0,67,4.3,54.0,64,75,1.0,48.0,53,40,9,15.2,54.0,5.1,4.8,58.4,137.4,0.0,15.7,52.3,5.0,4.7,55.6,131.1,0.0,235,85.449,0,33,2.1740980000000003,0.1
2023-02-08 02:00:00,6.3,15,6.1,14.0,65,4.2,53.0,63,75,1.0,47.0,53,40,9,15.5,56.2,5.2,4.8,59.6,177.9,0.0,15.8,54.9,5.0,4.8,57.6,135.4,0.0,122,38.757,0,33,2.0069026999999995,0.08
2023-02-08 04:00:00,6.5,15,6.2,14.0,65,4.2,54.0,63,75,1.1,45.0,53,40,9,15.6,51.1,5.2,4.8,54.9,204.4,0.2,16.1,57.1,5.0,4.8,59.9,170.3,0.0,133,43.456,0,33,2.1679045999999995,0.1
2023-02-08 06:00:00,6.7,15,6.1,14.0,67,4.1,55.0,66,74,1.1,45.0,53,40,9,16.6,52.0,5.2,4.8,56.3,127.6,0.0,16.2,52.4,5.0,4.8,55.3,130.1,0.0,147,49.49,0,33,2.070511600000001,0.1
2023-02-08 08:00:00,6.6,15,6.1,14.0,64,4.2,54.0,65,74,1.1,45.0,53,40,9,16.0,55.8,4.9,4.7,59.6,182.0,0.0,16.4,56.3,4.9,4.7,59.2,273.0,0.0,164,56.828,0,33,2.093949500000001,0.1
2023-02-08 10:00:00,6.6,15,6.3,14.0,66,4.4,54.0,63,75,1.1,45.0,53,40,9,16.0,55.5,5.1,4.7,57.0,131.2,0.0,15.6,53.6,5.1,4.7,57.8,138.7,0.0,174,61.114,0,33,2.0720433,0.1
2023-02-08 12:00:00,6.4,15,6.2,14.0,65,4.4,54.0,64,75,1.1,45.0,53,40,9,15.7,54.6,4.8,4.6,58.5,136.3,0.0,15.5,56.3,4.8,4.6,59.6,218.3,0.0,189,67.449,0,33,2.1162314,0.1
2023-02-08 14:00:00,6.3,15,6.2,14.0,65,4.5,54.0,64,75,1.1,45.0,53,40,9,15.7,51.6,4.9,4.6,55.4,127.0,0.0,16.3,55.7,4.8,4.6,59.6,143.3,0.0,200,71.987,0,33,2.1703033,0.12
2023-02-08 16:00:00,6.4,15,6.0,14.0,66,4.5,54.0,64,75,1.0,48.0,53,40,9,16.1,56.1,4.9,4.7,59.5,188.9,0.0,16.5,56.9,4.8,4.6,59.1,149.0,0.2,217,78.748,0,33,2.078430200000001,0.12
2023-02-08 18:00:00,6.6,15,6.2,14.0,67,4.5,55.0,63,75,1.0,48.0,53,40,9,16.2,54.3,5.1,4.7,58.7,135.8,0.2,16.5,53.3,5.0,4.7,56.5,133.4,0.2,226,82.167,0,33,2.193249899999999,0.11
2023-02-08 20:00:00,6.5,15,6.2,14.0,65,4.5,55.0,63,75,1.0,46.0,53,40,9,16.0,52.5,5.1,4.8,56.5,124.3,0.2,16.3,56.0,5.0,4.8,59.0,143.8,0.2,120,37.909,0,33,2.2118326,0.08
2023-02-09 00:00:00,6.3,15,6.0,14.0,65,4.4,54.0,63,75,1.0,49.0,51,40,9,16.1,54.0,5.0,4.7,57.9,262.1,0.2,16.4,55.2,4.9,4.7,57.9,137.0,0.2,159,54.673,0,33,2.1416634000000005,0.1
2023-02-09 02:00:00,6.5,15,6.1,14.0,65,4.5,54.0,60,75,1.0,48.0,51,39,9,16.1,54.3,5.0,4.7,58.4,134.9,0.2,16.4,55.3,4.9,4.7,58.7,276.1,0.2,174,61.114,0,33,2.0012223,0.11
2023-02-09 04:00:00,6.5,15,6.1,14.0,65,4.5,54.0,63,75,1.0,49.0,51,40,9,16.1,55.1,5.0,4.7,58.7,263.5,0.2,16.4,53.7,5.0,4.7,56.4,132.2,0.2,187,66.613,0,33,2.1275310000000003,0.11
2023-02-09 06:00:00,6.5,15,6.1,14.0,65,4.5,54.0,63,75,1.0,49.0,51,40,9,16.1,55.1,5.0,4.7,58.7,263.5,0.2,16.4,53.7,5.0,4.7,56.4,132.2,0.2,198,71.171,0,33,2.0880685,0.11
2023-02-09 08:00:00,6.4,15,6.1,14.0,67,4.5,55.0,63,73,1.1,49.0,51,40,9,15.9,54.9,5.1,4.8,58.8,140.7,0.2,16.2,54.2,5.1,4.8,57.1,135.6,0.2,214,77.582,0,33,2.1319795000000017,0.19
2023-02-09 10:00:00,6.6,15,6.2,14.0,68,4.6,54.0,65,73,1.1,49.0,51,40,9,16.1,55.6,5.2,4.8,59.4,156.9,0.2,16.2,52.1,5.1,4.8,55.0,135.2,0.2,228,82.909,0,33,1.9580001000000005,0.19
2023-02-09 12:00:00,6.7,15,6.2,14.0,68,4.6,54.0,64,75,1.1,49.0,51,40,9,16.2,54.8,5.4,5.0,58.8,134.7,0.2,16.5,54.8,5.3,5.0,56.4,268.0,0.2,153,52.083,0,33,2.1686293999999995,0.18
2023-02-09 14:00:00,6.6,15,6.2,14.0,67,4.7,54.0,63,75,1.1,49.0,51,40,9,16.4,52.7,5.3,5.0,56.5,254.9,0.2,16.5,54.0,5.2,5.0,56.9,135.6,0.2,164,56.828,0,33,2.1305158000000004,0.18
2023-02-09 16:00:00,6.5,15,6.2,14.0,68,4.7,55.0,63,75,1.1,49.0,52,43,9,16.3,54.3,5.3,5.0,58.1,131.2,0.2,16.6,53.8,5.2,5.0,56.7,133.6,0.2,177,62.391,0,33,2.123254699999999,0.15
2023-02-09 18:00:00,6.5,15,6.4,14.0,77,4.8,55.0,63,75,1.1,49.0,52,41,9,15.5,54.5,5.4,5.1,58.9,131.9,0.2,16.1,54.0,5.3,5.0,54.0,133.7,0.2,189,67.449,0,33,2.1490847000000004,0.15
2023-02-09 20:00:00,6.7,15,6.2,14.0,72,4.7,54.0,63,75,1.1,49.0,52,40,9,16.0,53.8,5.3,5.0,57.4,256.7,0.2,16.3,55.2,5.2,4.9,58.5,271.4,0.2,203,73.205,0,33,2.1218771000000003,0.1
2023-02-10 00:00:00,6.5,15,6.2,14.0,66,4.7,55.0,63,75,1.1,49.0,52,40,9,16.1,53.7,5.1,4.8,57.8,126.9,0.2,16.4,56.6,5.1,4.8,59.9,203.4,0.2,113,34.961,0,33,2.1835821,0.12
2023-02-10 02:00:00,6.5,15,6.2,14.0,66,4.6,54.0,65,75,1.1,47.0,52,40,9,16.0,56.0,5.1,4.8,59.7,180.4,0.2,16.3,54.2,5.1,4.8,57.1,132.3,0.2,125,40.033,0,33,2.14102,0.14
2023-02-10 04:00:00,6.5,15,6.2,14.0,68,4.6,55.0,63,75,1.1,47.0,52,40,9,16.1,51.9,5.1,4.8,55.8,122.3,0.2,16.4,52.0,5.1,4.8,54.9,208.7,0.2,140,46.468,0,33,2.103423,0.14
2023-02-10 06:00:00,6.5,15,6.2,14.0,68,4.6,55.0,63,75,1.1,47.0,52,40,9,16.1,51.9,5.1,4.8,55.8,122.3,0.2,16.4,52.0,5.1,4.8,54.9,208.7,0.2,155,52.947,0,33,2.060459099999999,0.14
2023-02-10 08:00:00,6.6,15,6.4,14.0,66,4.7,55.0,64,75,1.1,47.0,52,40,9,15.7,52.0,5.3,4.9,55.7,120.9,0.2,16.1,55.1,5.2,4.9,57.8,134.4,0.2,164,56.828,0,33,2.233520100000001,0.11
2023-02-10 10:00:00,6.4,15,6.1,14.0,64,4.6,55.0,64,75,1.2,49.0,52,40,9,16.0,54.4,5.2,4.9,58.2,128.4,0.2,16.2,52.5,5.1,4.8,55.3,129.0,0.2,185,65.773,0,33,1.9807878999999995,0.11
2023-02-10 12:00:00,6.6,15,6.2,14.0,66,4.7,55.0,64,75,1.1,49.0,52,40,9,15.9,54.4,5.2,4.9,58.2,128.7,0.2,16.2,55.5,5.1,4.8,58.3,136.4,0.2,196,70.35,0,33,2.1400155,0.11
2023-02-10 14:00:00,6.5,15,6.2,14.0,69,4.7,55.0,65,75,1.1,50.0,52,40,9,16.0,51.9,5.1,4.8,55.7,122.6,0.2,16.2,51.9,5.0,4.7,55.0,226.9,0.2,210,76.008,0,33,2.115563100000001,0.1
2023-02-10 16:00:00,6.6,15,6.2,14.0,70,4.7,55.0,64,75,1.1,50.0,52,40,9,15.7,54.8,5.2,4.9,58.7,133.0,0.2,16.0,54.7,5.2,4.8,58.6,147.2,0.2,223,81.042,0,33,2.1243453000000003,0.1
2023-02-10 18:00:00,6.4,15,6.2,14.0,70,4.7,55.0,66,73,1.1,50.0,52,40,9,15.8,51.2,5.1,4.9,55.0,120.7,0.2,16.1,53.5,5.1,4.8,56.4,131.6,0.2,232,84.372,0,33,2.185820699999999,0.1
2023-02-10 20:00:00,6.6,15,6.2,14.0,77,4.7,54.0,60,73,1.1,50.0,52,40,9,15.9,52.0,5.1,4.9,55.8,121.9,0.2,16.3,55.6,5.1,4.8,58.6,138.7,0.2,123,39.182,0,33,2.1278180000000013,0.08
2023-02-11 00:00:00,6.5,15,6.3,14.0,73,4.7,54.0,63,73,1.1,49.0,52,40,9,15.9,56.2,5.1,4.9,59.6,170.2,0.2,16.2,55.6,5.1,4.8,58.5,136.6,0.2,118,37.064,0,33,2.1615118000000004,0.12
2023-02-11 02:00:00,6.5,15,6.2,14.0,74,4.6,54.0,63,75,1.1,49.0,52,39,9,16.0,52.0,5.2,4.8,55.2,119.0,0.2,16.3,53.2,5.1,4.8,55.0,153.2,0.2,128,41.314,0,33,1.9535113999999991,0.14
2023-02-11 04:00:00,6.5,15,6.2,14.0,65,4.6,55.0,63,75,1.1,48.0,52,39,9,17.6,53.0,5.1,4.8,57.5,123.6,0.2,17.4,55.5,5.0,4.8,58.8,137.8,0.2,144,48.194,0,33,1.9464104000000009,0.12
2023-02-11 06:00:00,6.6,15,6.2,14.0,64,4.7,55.0,64,73,1.1,48.0,52,39,9,15.4,54.3,5.1,4.8,58.4,257.8,0.2,15.8,52.1,4.9,4.8,55.8,129.1,0.2,157,53.81,0,33,1.9350225,0.12
2023-02-11 08:00:00,6.6,15,6.2,14.0,65,4.7,55.0,64,73,1.1,48.0,52,39,9,16.3,55.0,5.2,4.8,59.0,138.3,0.2,16.6,54.0,5.3,4.9,57.0,133.4,0.2,168,58.546,0,33,1.9663984,0.09
2023-02-11 10:00:00,6.5,15,6.1,14.0,64,4.7,55.0,65,74,1.2,47.0,52,39,9,15.7,51.1,5.0,4.8,55.0,122.7,0.2,16.2,53.5,5.0,4.8,57.2,267.3,0.2,178,62.816,0,33,1.9428599000000013,0.09
2023-02-11 12:00:00,6.6,15,6.1,14.0,67,4.6,54.0,64,75,1.3,46.0,52,39,9,16.9,54.7,5.3,4.9,59.0,135.6,0.2,17.1,55.6,5.1,4.8,59.2,270.9,0.2,189,67.449,0,33,1.9397827999999997,0.09
2023-02-11 14:00:00,6.5,15,6.2,14.0,66,4.7,54.0,64,75,1.2,47.0,52,39,9,16.4,51.6,5.4,4.9,55.3,116.6,0.2,16.8,54.7,5.2,4.9,57.8,132.6,0.2,210,76.008,0,33,1.7961584999999984,0.1
2023-02-11 16:00:00,6.6,15,6.1,14.0,66,4.7,54.0,64,75,1.1,49.0,51,39,9,16.2,55.6,5.3,4.8,58.8,132.7,0.2,16.5,54.6,5.3,4.8,57.1,132.0,0.2,187,66.613,0,33,2.0546349000000004,0.1
2023-02-11 18:00:00,6.5,15,6.0,14.0,66,4.7,54.0,63,75,1.1,49.0,51,39,9,17.6,55.9,5.2,4.8,59.5,146.7,0.2,17.1,54.8,5.2,4.8,57.5,133.7,0.2,114,35.38,0,33,1.9225826,0.11
2023-02-11 20:00:00,6.5,15,6.2,14.0,64,4.6,54.0,63,75,1.1,49.0,51,40,9,16.9,54.3,5.1,4.8,58.8,262.1,0.2,17.1,53.9,5.1,4.8,58.0,138.3,0.2,131,42.598,0,33,1.8536240000000004,0.08
2023-02-12 00:00:00,6.5,15,6.2,14.0,65,4.6,54.0,63,75,1.1,50.0,51,40,9,15.8,55.7,5.2,4.8,59.1,258.4,0.2,16.3,52.4,5.2,4.8,55.1,131.9,0.2,154,52.515,0,33,1.9385204000000005,0.1
2023-02-12 02:00:00,6.5,15,6.2,14.0,65,4.6,54.0,63,75,1.1,49.0,51,39,9,16.4,51.9,5.2,4.8,55.5,124.5,0.2,16.7,55.5,5.2,4.8,58.2,138.9,0.2,170,59.404,0,33,2.220618399999999,0.15
2023-02-12 04:00:00,6.5,15,6.2,14.0,65,4.5,55.0,63,75,1.1,49.0,51,39,9,15.0,54.0,5.2,4.8,57.3,128.2,0.2,15.5,52.6,5.2,4.8,55.0,158.1,0.2,185,65.773,0,33,2.252835200000001,0.13
2023-02-12 06:00:00,6.7,15,6.3,14.0,64,4.6,54.0,63,74,1.2,49.0,51,39,9,16.8,50.7,5.0,4.8,55.1,238.0,0.2,17.5,54.0,4.8,4.6,58.0,271.6,0.2,195,69.938,0,33,2.2513260000000006,0.13
2023-02-12 08:00:00,6.6,15,6.3,14.0,64,4.6,54.0,63,75,1.1,49.0,51,39,9,14.9,52.1,5.2,4.9,55.6,124.3,0.2,15.5,56.8,5.2,4.8,59.4,148.9,0.2,209,75.611,0,33,2.2937991999999983,0.08
2023-02-12 10:00:00,6.5,15,6.3,14.0,65,4.6,54.0,63,74,1.1,49.0,51,39,9,16.1,53.4,5.1,4.8,57.7,129.0,0.2,16.8,52.8,5.0,4.8,56.2,136.6,0.2,220,79.902,0,33,2.301314400000001,0.09
2023-02-12 12:00:00,6.4,15,6.3,14.0,65,4.7,55.0,64,75,1.1,48.0,50,39,9,16.0,54.0,5.0,4.8,57.8,130.4,0.2,16.4,53.8,5.0,4.7,56.7,134.1,0.2,126,40.459,0,33,2.2339548,0.09
2023-02-12 14:00:00,6.5,15,6.2,14.0,66,4.6,55.0,63,75,1.2,47.0,52,39,9,15.8,52.5,5.3,4.9,55.7,123.8,0.2,16.4,54.1,5.2,4.8,56.5,132.9,0.2,137,45.176,0,33,2.2277947999999994,0.1
2023-02-12 16:00:00,6.4,15,6.1,14.0,65,4.6,55.0,63,75,1.1,49.0,53,39,9,16.1,51.8,5.2,4.9,55.7,124.1,0.2,16.0,53.6,5.0,4.8,56.7,134.2,0.2,157,53.81,0,33,2.1837200000000005,0.1
2023-02-12 18:00:00,6.4,15,6.1,14.0,65,4.5,55.0,63,73,1.0,50.0,53,40,9,15.2,52.0,5.2,4.8,55.6,124.1,0.2,15.6,54.4,5.2,4.8,56.9,134.4,0.2,168,58.546,0,33,2.2421476,0.1
2023-02-12 20:00:00,6.5,15,6.0,14.0,66,4.6,54.0,63,73,1.1,50.0,53,40,9,15.9,52.9,5.2,4.8,57.0,126.5,0.2,16.2,56.8,5.2,4.8,59.9,162.2,0.2,180,63.664,0,33,2.3424324,0.08
2023-02-13 00:00:00,6.4,15,6.0,14.0,68,4.6,54.0,61,73,1.1,50.0,53,40,9,15.3,51.7,5.2,4.8,55.5,123.6,0.2,15.8,55.6,5.2,4.8,58.9,138.9,0.2,210,76.008,0,33,2.314158000000001,0.15
2023-02-13 02:00:00,6.5,15,6.0,14.0,66,4.7,54.0,61,75,1.1,49.0,53,39,9,14.3,51.5,5.2,4.8,55.3,123.6,0.2,14.8,56.4,5.2,4.8,59.7,211.9,0.2,231,84.009,0,33,2.367249,0.13
2023-02-13 04:00:00,6.4,15,6.0,14.0,66,4.7,54.0,63,75,1.1,48.0,51,39,9,16.1,54.9,5.2,4.8,58.8,137.0,0.2,16.4,56.0,5.2,4.8,58.9,142.7,0.2,160,55.105,0,33,2.2995471000000007,0.13
2023-02-13 06:00:00,6.3,15,6.0,14.0,65,4.6,54.0,63,75,1.2,50.0,51,39,9,16.6,55.3,5.2,4.8,58.8,261.8,0.2,16.9,52.3,5.1,4.8,55.7,253.6,0.2,171,59.832,0,33,2.319848399999999,0.13
2023-02-13 08:00:00,6.4,15,6.0,14.0,65,4.7,54.0,63,75,1.1,50.0,51,39,9,14.4,52.7,5.1,4.9,56.2,124.1,0.2,14.8,56.8,5.1,4.8,59.4,150.5,0.2,182,64.51,0,33,2.3347731,0.12
2023-02-13 10:00:00,6.3,15,6.0,14.0,65,4.6,54.0,63,73,1.1,50.0,51,39,9,14.6,51.9,5.1,4.8,55.4,135.3,0.2,14.7,51.6,5.1,4.8,55.1,132.8,0.2,198,71.171,0,33,2.2517757000000005,0.12
2023-02-13 12:00:00,6.5,15,6.0,14.0,64,4.7,54.0,63,74,1.1,50.0,51,39,9,14.3,49.9,5.4,5.0,58.4,224.8,0.2,14.6,54.9,5.4,5.0,58.3,148.2,0.2,210,76.008,0,33,2.3881683,0.13
2023-02-13 14:00:00,6.4,15,5.8,14.0,65,4.7,53.0,63,76,1.0,48.0,51,39,9,14.3,55.2,5.5,4.8,58.6,164.4,0.2,14.6,55.8,5.6,4.9,59.2,175.9,0.2,220,79.902,0,33,2.3340624,0.14
2023-02-13 16:00:00,6.6,15,5.8,14.0,64,4.7,53.0,64,75,1.0,48.0,51,39,9,14.3,54.7,5.2,4.8,58.7,154.1,0.2,14.6,51.7,5.2,4.9,55.3,133.1,0.2,144,48.194,0,33,2.2464608999999984,0.14
2023-02-13 18:00:00,6.6,15,5.8,14.0,64,4.7,53.0,64,75,1.0,48.0,51,39,9,14.3,54.7,5.2,4.8,58.7,154.1,0.2,14.6,51.7,5.2,4.9,55.3,133.1,0.2,156,53.379,0,33,2.2629615000000007,0.15
2023-02-13 20:00:00,6.4,15,6.0,14.0,65,4.7,52.0,63,75,1.0,47.0,51,40,9,14.3,51.5,5.2,4.9,56.1,254.0,0.2,14.7,52.5,5.2,4.9,55.5,134.0,0.2,173,60.687,0,33,2.3736762000000007,0.12
