,Место отбора,"Сод. Cl соед., мг/дм3",Дата
0,КСУ БЕН-2,179.4,2022-01-01 04:00:00
1,АСН-6,55.6,2022-01-01 09:00:00
2,КСУ БЕН-6,164.3,2022-01-01 10:00:00
3,АСН-6,63.4,2022-01-01 12:35:00
4,КСУ БЕН-3,138.1,2022-01-01 16:00:00
5,АСН-6,86.4,2022-01-01 19:20:00
6,КСУ БЕН-6,133.6,2022-01-01 20:00:00
7,КСУ БЕН-1,123.5,2022-01-01 22:00:00
8,КСУ БЕН-5,151.1,2022-01-02 04:00:00
9,КСУ БЕН-2,150,2022-01-02 10:00:00
10,АСН-6,90.6,2022-01-02 11:00:00
11,КСУ БЕН-5,131.6,2022-01-02 15:30:00
12,КСУ БЕН-6,117.4,2022-01-02 17:00:00
14,КСУ БЕН-3,122.9,2022-01-02 22:00:00
15,КСУ БЕН-1,101.9,2022-01-03 04:00:00
16,КСУ БЕН-3,125.4,2022-01-03 10:00:00
17,АСН-5,81.9,2022-01-03 13:40:00
18,КСУ БЕН-3,138.4,2022-01-03 17:00:00
19,АСН-5,78.1,2022-01-03 19:10:00
20,КСУ БЕН-6,148.3,2022-01-03 22:00:00
21,АСН-6,62.1,2022-01-04 02:15:00
22,КСУ БЕН-3,82.3,2022-01-04 04:00:00
23,КСУ БЕН-1,115.8,2022-01-04 10:00:00
24,АСН-6,77.3,2022-01-04 15:00:00
25,КСУ БЕН,143,2022-01-04 16:00:00
26,АСН-6,65.5,2022-01-04 18:40:00
27,КСУ БЕН-1,146.8,2022-01-04 22:00:00
28,АСН-6,73.1,2022-01-05 02:05:00
29,КСУ БЕН-5,121.5,2022-01-05 04:00:00
30,КСУ-БЕН-2,114.2,2022-01-05 10:00:00
31,АСН-6,78.8,2022-01-05 13:50:00
32,КСУ БЕН-5,134.5,2022-01-05 16:00:00
33,АСН-6,90.2,2022-01-05 19:00:00
34,КСУ БЕН-3,135.3,2022-01-05 22:00:00
35,КСУ БЕН-6,144.8,2022-01-06 04:00:00
36,АСН-6,52,2022-01-06 04:10:00
37,КСУ БЕН-3,160.5,2022-01-06 10:00:00
38,АСН-6,57.8,2022-01-06 13:20:00
39,КСУ-БЕН-2,169,2022-01-06 16:00:00
40,АСН-6,65.4,2022-01-06 18:15:00
41,КСУ БЕН-6,199.7,2022-01-06 22:00:00
42,КСУ БЕН-2,133,2022-01-07 02:00:00
43,АСН-6,73.4,2022-01-07 02:40:00
44,КСУ БЕН-4,136.7,2022-01-07 04:00:00
45,КСУ БЕН-6,122.8,2022-01-07 10:00:00
46,АСН-6,41.6,2022-01-07 15:00:00
47,КСУ БЕН-4,141.2,2022-01-07 18:00:00
48,КСУ БЕН-1 ,144,2022-01-07 22:00:00
49,АСН-6,46.8,2022-01-08 01:40:00
50,КСУ БЕН-4,117.7,2022-01-08 04:00:00
51,АСН-6,53.8,2022-01-08 04:25:00
52,КСУ БЕН-6,132.7,2022-01-08 09:00:00
53,КСУ БЕН-1 ,142.9,2022-01-08 11:00:00
54,АСН-6,45.1,2022-01-08 13:25:00
55,КСУ-БЕН-5,128.8,2022-01-08 15:30:00
56,АСН-6,58.2,2022-01-08 18:15:00
57,КСУ БЕН-6,123.9,2022-01-08 18:30:00
58,КСУ БЕН-2,142.8,2022-01-08 22:00:00
59,АСН 5,59.9,2022-01-09 03:20:00
60,КСУ БЕН-5,151.2,2022-01-09 04:00:00
61,АСН 5,51.6,2022-01-09 09:30:00
62,КСУ-БЕН-2,153,2022-01-09 10:00:00
63,КСУ-БЕН-6,150.3,2022-01-09 16:00:00
64,КСУ-БЕН-1,136,2022-01-09 17:30:00
65,АСН-5,82.6,2022-01-09 20:25:00
66,КСУ БЕН-5,138.3,2022-01-09 22:00:00
67,АСН-5,66.2,2022-01-10 02:25:00
68,КСУ БЕН-2,141.6,2022-01-10 04:00:00
69,КСУ БЕН-5,169.1,2022-01-10 10:00:00
70,АСН-5,83.5,2022-01-10 11:10:00
71,КСУ БЕН-5,180.3,2022-01-10 16:00:00
72,АСН-5,75.3,2022-01-10 18:45:00
73,АСН-5,99.6,2022-01-11 03:30:00
74,КСУ БЕН-5,189,2022-01-11 04:00:00
75,КСУ-БЕН-2,131.6,2022-01-11 10:00:00
76,АСН-5,76.9,2022-01-11 13:30:00
77,КСУ-БЕН-6,149.9,2022-01-11 16:00:00
78,АСН-5 ,79.3,2022-01-11 19:00:00
79,КСУ БЕН-3,206.8,2022-01-11 22:00:00
80,АСН-5,37,2022-01-12 03:40:00
81,КСУ БЕН-5,165.1,2022-01-12 04:00:00
82,КСУ БЕН-5,211.9,2022-01-12 10:00:00
83,АСН-5,87,2022-01-12 13:00:00
84,КСУ-БЕН-2,215.6,2022-01-12 16:00:00
85,АСН-5,97.2,2022-01-12 18:40:00
86,КСУ БЕН-6,155.5,2022-01-12 22:00:00
87,КСУ БЕН-1,142.7,2022-01-13 00:00:00
88,АСН-5,78.5,2022-01-13 02:35:00
89,КСУ БЕН-3,143.7,2022-01-13 04:00:00
90,КСУ-БЕН-5,169.8,2022-01-13 06:00:00
91,АСН-5,77.7,2022-01-13 08:50:00
92,КСУ-БЕН-1,94.6,2022-01-13 10:00:00
93,КСУ-БЕН-5,217.5,2022-01-13 16:00:00
94,АСН-5,65.7,2022-01-13 20:35:00
95,КСУ БЕН-3,176.1,2022-01-13 22:00:00
96,АСН-5,62.4,2022-01-15 03:35:00
97,Ксу БЕН-6,194.3,2022-01-15 04:00:00
98,Ксу-БЕН-5,221.9,2022-01-15 11:40:00
99,АСН-5,81,2022-01-15 13:00:00
100,КСУ БЕН-2,241,2022-01-15 16:00:00
101,АСН-5,84.9,2022-01-15 18:35:00
102,Ксу БЕН-6,216.9,2022-01-15 22:00:00
103,КСУ БЕН-6,182.5,2022-01-16 04:00:00
104,АСН-5,71.1,2022-01-16 04:15:00
105,АСН-5,64.4,2022-01-16 09:40:00
106,КСУ-БЕН-3,197.1,2022-01-16 10:00:00
107,КСУ-Бен-1,207.6,2022-01-16 16:00:00
108,КСУ-БЕН-3,156.7,2022-01-16 19:00:00
109,АСН-5,76.4,2022-01-16 19:20:00
110,КСУ БЕН-5,205.4,2022-01-16 22:00:00
111,Асн-5,108.4,2022-01-17 01:10:00
112,КСУ БЕН-2,198.1,2022-01-17 04:00:00
113,Асн-5,69.2,2022-01-17 08:40:00
114,КСУ БЕН-6,251.6,2022-01-17 10:00:00
115,Асн-5,132,2022-01-17 15:30:00
116,КСУ БЕН-3,214.8,2022-01-17 16:00:00
117,АСН-5,77.6,2022-01-17 19:00:00
118,КСУ БЕН-1,149,2022-01-17 22:00:00
119,КСУ БЕН-5,158,2022-01-18 04:00:00
120,АСН-5,66.8,2022-01-18 05:05:00
121,АСН-5,63.7,2022-01-18 07:40:00
122,КСУ БЕН-2,164.3,2022-01-18 10:00:00
123,КСУ БЕН-6,170.1,2022-01-18 16:00:00
124,АСН-5,58.6,2022-01-18 16:15:00
125,АСН-5,78,2022-01-18 19:00:00
126,КСУ БЕН-3,154.1,2022-01-18 22:00:00
127,АСН-5,65.5,2022-01-19 02:15:00
128,КСУ БЕН-1,161.3,2022-01-19 04:00:00
129,АСН-6,74,2022-01-19 08:50:00
130,КСУ БЕН-5,219.5,2022-01-19 10:00:00
131,КСУ БЕН-3,172.4,2022-01-19 16:00:00
132,АСН-5,91.5,2022-01-19 16:45:00
133,АСН-5,79.9,2022-01-19 21:00:00
134,КСУ БЕН-1,174.4,2022-01-19 22:00:00
135,КСУ БЕН-3,212.8,2022-01-20 01:30:00
136,КСУ БЕН-5,152.4,2022-01-20 04:00:00
137,АСН-5,58.3,2022-01-20 07:05:00
138,КСУ БЕН-2,183.4,2022-01-20 10:00:00
139,АСН-5,71.2,2022-01-20 15:00:00
140,КСУ БЕН-6,169.2,2022-01-20 16:00:00
141,АСН-5,97.7,2022-01-20 21:40:00
142,КСУ БЕН-5,157.4,2022-01-20 22:00:00
143,АСН-5,53.4,2022-01-21 02:40:00
144,КСУ БЕН-2,190.1,2022-01-21 04:00:00
145,АСН-5,88.1,2022-01-21 07:00:00
146,КСУ БЕН-6,158.2,2022-01-21 10:00:00
147,АСН-5,111.9,2022-01-21 15:05:00
148,КСУ БЕН-3,204.9,2022-01-21 16:00:00
149,АСН-5,68.3,2022-01-21 20:25:00
150,КСУ БЕН-1,175.9,2022-01-21 22:00:00
151,АСН-5,93.1,2022-01-22 02:25:00
152,КСУ БЕН-5,237.2,2022-01-22 04:00:00
153,АСН-5,67.4,2022-01-22 07:40:00
154,КСУ-БЕН-2,197.6,2022-01-22 10:00:00
155,АСН-5,60.2,2022-01-22 15:00:00
156,КСУ-БЕН-1,214.9,2022-01-22 16:00:00
157,КСУ-БЕН-5,244.1,2022-01-22 22:00:00
158,АСН-5,78.9,2022-01-22 22:22:00
159,КСУ-БЕН-2,208.7,2022-01-23 04:00:00
160,АСН-5,98.6,2022-01-23 08:15:00
161,КСУ-БЕН-6,215,2022-01-23 10:00:00
162,КСУ-БЕН-3,222.3,2022-01-23 16:00:00
163,АСН-5,85.5,2022-01-23 20:20:00
164,КСУ-БЕН-2,183.9,2022-01-23 22:00:00
165,КСУ-БЕН-6,144.6,2022-01-24 04:00:00
166,КСУ-БЕН-2,185.3,2022-01-24 07:00:00
167,АСН-5,54.1,2022-01-24 07:30:00
168,КСУ-БЕН-3,158.7,2022-01-24 10:00:00
169,КСУ-БЕН-1,193.8,2022-01-24 16:00:00
170,АСН-5,94.3,2022-01-24 16:20:00
171,АСН-5,86.1,2022-01-24 20:35:00
172,КСУ-БЕН-5,257.8,2022-01-24 22:00:00
173,КСУ БЕН-1,161.3,2022-01-25 04:00:00
174,АСН-5,42.8,2022-01-25 08:30:00
175,КСУ БЕН-5,137.3,2022-01-25 10:00:00
176,КСУ-БЕН-2,149.2,2022-01-25 16:00:00
177,АСН-5,81,2022-01-25 18:10:00
178,КСУ БЕН-5,135.1,2022-01-25 22:00:00
179,КСУ-БЕН-2,120.4,2022-01-26 04:00:00
180,АСН-5,57.2,2022-01-26 04:30:00
181,АСН-5,85.9,2022-01-26 06:30:00
182,КСУ-БЕН-5,161.9,2022-01-26 10:00:00
183,АСН-5,79.6,2022-01-26 14:40:00
184,КСУ-БЕН-2,172.5,2022-01-26 16:00:00
185,АСН-5,85.7,2022-01-26 18:25:00
186,КСУ-БЕН-6,131,2022-01-26 22:00:00
187,КСУ-БЕН-3,144.2,2022-01-27 04:00:00
188,АСН-5,72.3,2022-01-27 04:15:00
189,АСН-5,66.7,2022-01-27 08:35:00
190,КСУ-БЕН-6,194,2022-01-27 10:00:00
191,КСУ-БЕН-3,186.8,2022-01-27 16:00:00
192,АСН-5,47.9,2022-01-27 17:00:00
193,АСН-5,66.7,2022-01-27 21:10:00
194,КСУ-БЕН-6,145.3,2022-01-27 22:00:00
195,КСУ-БЕН-3,151.9,2022-01-28 04:00:00
196,КСУ-БЕН-6,165.4,2022-01-28 10:00:00
197,АСН-5,70.8,2022-01-28 13:45:00
198,КСУ-БЕН-3,178,2022-01-28 16:00:00
199,КСУ-БЕН-6,160.4,2022-01-28 22:00:00
200,КСУ-БЕН-3,183.7,2022-01-29 04:00:00
201,АСН-5,77.5,2022-01-29 08:55:00
202,КСУ-БЕН-1,68.9,2022-01-29 10:00:00
203,КСУ-БЕН-4,141.7,2022-01-30 04:00:00
204,КСУ-БЕН-2,197.5,2022-01-30 10:00:00
205,АСН-5,73.4,2022-01-30 11:15:00
206,КСУ-БЕН-5,154.8,2022-01-30 16:00:00
207,КСУ-БЕН-2,113,2022-01-30 22:00:00
208,КСУ-БЕН-5,105.2,2022-01-31 04:00:00
209,КСУ-БЕН-5,182.5,2022-01-31 10:00:00
210,АСН-5,99.5,2022-01-31 11:25:00
211,КСУ-БЕН-2,133,2022-01-31 16:00:00
212,КСУ-БЕН-6,117.6,2022-01-31 22:00:00
213,КСУ-БЕН-3,132.2,2022-02-01 04:00:00
214,КСУ-БЕН-6,170,2022-02-01 10:00:00
215,АСН-5,60.4,2022-02-01 12:15:00
216,КСУ-БЕН-3,192.6,2022-02-01 16:00:00
217,АСН-5,74.1,2022-02-01 18:35:00
218,КСУ-БЕН-6,171.5,2022-02-01 22:00:00
219,КСУ-БЕН-3,169.7,2022-02-03 04:00:00
220,АСН-5,84.1,2022-02-03 05:00:00
221,КСУ-БЕН-1,153,2022-02-03 10:00:00
222,КСУ-БЕН-4,156.5,2022-02-03 16:00:00
223,КСУ-БЕН-1,126.3,2022-02-03 22:00:00
224,КСУ-БЕН-4,137.7,2022-02-04 04:00:00
225,КСУ-БЕН-1,191.4,2022-02-04 10:00:00
226,АСН-6,62,2022-02-04 11:15:00
227,КСУ-БЕН-3,160.6,2022-02-04 16:00:00
228,КСУ-БЕН-6,158.1,2022-02-04 22:00:00
229,КСУ-БЕН-3,155.6,2022-02-05 04:00:00
230,КСУ-БЕН-2,128.7,2022-02-05 10:00:00
231,АСН-6,85.2,2022-02-05 15:20:00
232,КСУ-БЕН-5,160.1,2022-02-05 16:00:00
233,КСУ-БЕН-3,169.7,2022-02-05 22:00:00
234,КСУ-БЕН-5,176.5,2022-02-06 04:00:00
235,КСУ-БЕН-2,151.8,2022-02-06 10:00:00
236,АСН-6,73.1,2022-02-06 10:10:00
237,АСН-6,98.1,2022-02-06 13:25:00
238,КСУ-БЕН-4,141.3,2022-02-06 16:00:00
239,КСУ-БЕН-1,144.6,2022-02-06 22:00:00
240,КСУ-БЕН-4,185.8,2022-02-07 04:00:00
241,АСН-6,51.6,2022-02-07 07:30:00
242,КСУ-БЕН-6,151.4,2022-02-07 10:00:00
243,КСУ-БЕН-3,141,2022-02-07 16:00:00
244,КСУ-БЕН-6,151.1,2022-02-07 22:00:00
245,КСУ-БЕН-3,165,2022-02-08 04:00:00
246,КСУ-БЕН-6,230.9,2022-02-08 10:00:00
247,КСУ-БЕН-1,203.2,2022-02-08 12:30:00
248,АСН-6,46,2022-02-08 14:20:00
249,КСУ-БЕН-1,199.6,2022-02-08 16:00:00
250,КСУ-БЕН-6,131.8,2022-02-08 22:00:00
251,КСУ БЕН-3,145.6,2022-02-09 04:00:00
252,АСН-6,65,2022-02-09 08:10:00
253,КСУ БЕН-6,159.1,2022-02-09 10:00:00
254,КСУ БЕН-4,289.4,2022-02-09 16:00:00
255,КСУ БЕН-6,165.9,2022-02-09 22:00:00
256,КСУ БЕН-4,152.9,2022-02-10 04:00:00
257,АСН-6,75.1,2022-02-10 08:30:00
258,КСУ БЕН-6,172.7,2022-02-10 10:00:00
259,КСУ БЕН-4,181.2,2022-02-10 16:00:00
260,КСУ БЕН-1,165.6,2022-02-10 22:00:00
261,КСУ БЕН-4,158.7,2022-02-11 04:00:00
262,АСН-6,72.5,2022-02-11 08:05:00
263,КСУ-БЕН-2,81.5,2022-02-11 10:00:00
264,КСУ БЕН-5,140.4,2022-02-11 16:00:00
265,КСУ-БЕН-2,80.8,2022-02-11 22:00:00
266,КСУ БЕН-5,89.3,2022-02-12 04:00:00
267,КСУ БЕН-3,155.5,2022-02-12 10:00:00
268,АСН-6,98.3,2022-02-12 14:50:00
269,КСУ-БЕН-6,172.8,2022-02-12 16:00:00
270,КСУ БЕН-2,144.4,2022-02-12 22:00:00
271,КСУ БЕН-6,163.5,2022-02-13 04:00:00
272,КСУ БЕН-3,168.2,2022-02-13 10:00:00
273,АСН-5,93.3,2022-02-13 14:20:00
274,КСУ БЕН-6,155.7,2022-02-13 16:00:00
275,КСУ БЕН-3,186,2022-02-13 22:00:00
276,КСУ БЕН-6,165.7,2022-02-14 04:00:00
277,КСУ БЕН-4,87.2,2022-02-14 10:00:00
278,АСН-5,26.4,2022-02-14 11:00:00
279,КСУ-БЕН-2,87,2022-02-14 16:00:00
280,КСУ БЕН-4,177.9,2022-02-14 22:00:00
281,КСУ БЕН-1,163.1,2022-02-15 04:00:00
282,АСН-5,70.7,2022-02-15 08:30:00
283,КСУ БЕН-5,154.9,2022-02-15 10:00:00
284,КСУ БЕН-5,157.3,2022-02-15 22:00:00
285,КСУ БЕН-2,134.1,2022-02-16 04:00:00
286,АСН-5,121,2022-02-16 07:15:00
287,КСУ БЕН-6,146.2,2022-02-16 10:00:00
288,КСУ БЕН-3,161.1,2022-02-16 16:00:00
289,КСУ БЕН-6,89.4,2022-02-16 22:00:00
290,КСУ БЕН-3,158.6,2022-02-17 04:00:00
291,АСН-5,74.8,2022-02-17 07:45:00
292,КСУ БЕН-6,194.6,2022-02-17 10:00:00
293,КСУ БЕН-4,169.1,2022-02-17 16:00:00
294,КСУ БЕН-6,160,2022-02-17 22:00:00
295,КСУ БЕН-6,125.5,2022-02-18 04:00:00
296,АСН-5,88.4,2022-02-18 08:00:00
297,КСУ БЕН-3,137,2022-02-18 10:00:00
298,КСУ БЕН-6,153,2022-02-18 16:00:00
299,АСН-5,59.4,2022-02-18 16:50:00
300,КСУ БЕН-3,124,2022-02-18 22:00:00
301,КСУ БЕН-5,99.9,2022-02-19 04:00:00
302,КСУ БЕН-2,79.7,2022-02-19 10:00:00
303,АСН-5,77.2,2022-02-19 10:45:00
304,КСУ БЕН-4,74.5,2022-02-19 16:00:00
305,КСУ БЕН-1,91.6,2022-02-19 22:00:00
306,КСУ БЕН-4,144.1,2022-02-20 04:00:00
307,АСН-5,80.5,2022-02-20 08:25:00
308,КСУ БЕН-1,178.6,2022-02-20 10:00:00
309,КСУ БЕН-4,154.4,2022-02-20 16:00:00
310,КСУ БЕН-1,145.6,2022-02-20 22:00:00
311,КСУ БЕН-4,167.2,2022-02-21 04:00:00
312,АСН-5,99.4,2022-02-21 08:25:00
313,КСУ БЕН-1,178.2,2022-02-21 10:00:00
314,КСУ БЕН-5,165.7,2022-02-21 16:00:00
315,КСУ БЕН-3,145.2,2022-02-21 22:00:00
316,КСУ БЕН-6,176.8,2022-02-22 04:00:00
317,АСН-5,93.9,2022-02-22 08:50:00
318,КСУ БЕН-4,152.1,2022-02-22 10:00:00
319,КСУ БЕН-1,129.2,2022-02-22 16:00:00
320,КСУ БЕН-5,78.7,2022-02-22 22:00:00
321,КСУ БЕН-4,111.8,2022-02-23 04:00:00
322,АСН-6,77.8,2022-02-23 08:50:00
323,КСУ БЕН-1,125.9,2022-02-23 10:00:00
324,КСУ БЕН-4,148.7,2022-02-23 16:00:00
325,КСУ БЕН-1,169.7,2022-02-23 22:00:00
326,КСУ БЕН-5,174.9,2022-02-24 04:00:00
327,КСУ БЕН-2,218.5,2022-02-24 10:00:00
328,АСН-6,138.6,2022-02-24 12:35:00
329,КСУ БЕН-4,173.4,2022-02-24 16:00:00
330,КСУ-БЕН-2,101.5,2022-02-24 22:00:00
331,КСУ-БЕН-5,130.9,2022-02-25 04:00:00
332,АСН-6,85.6,2022-02-25 09:20:00
333,КСУ-БЕН-2,130.6,2022-02-25 10:00:00
334,КСУ-БЕН-6,150.1,2022-02-25 16:00:00
335,КСУ-БЕН-3,121.3,2022-02-25 22:00:00
336,КСУ-БЕН-1,94.5,2022-02-26 04:00:00
337,АСН-6,62.2,2022-02-26 09:15:00
338,КСУ-БЕН-5,81.4,2022-02-26 10:00:00
339,КСУ-БЕН-2,111.5,2022-02-26 16:00:00
340,КСУ-БЕН-5,137.9,2022-02-26 22:00:00
341,КСУ-БЕН-2,118.1,2022-02-27 04:00:00
342,КСУ-БЕН-6,127,2022-02-27 10:00:00
343,АСН-6,77.2,2022-02-27 10:55:00
344,КСУ-БЕН-3,148.1,2022-02-27 16:00:00
345,КСУ-БЕН-6,112.2,2022-02-27 22:00:00
346,КСУ-БЕН-3,120.6,2022-02-28 04:00:00
347,АСН-6,76.2,2022-02-28 08:55:00
348,КСУ-БЕН-1,126.1,2022-02-28 10:00:00
349,КСУ-БЕН-4,131.7,2022-02-28 16:00:00
350,КСУ-БЕН-1,82.3,2022-02-28 22:00:00
351,КСУ-БЕН-4,120.2,2022-03-01 04:00:00
352,КСУ-БЕН-1,143.9,2022-03-01 10:00:00
353,АСН-6,71.1,2022-03-01 11:20:00
354,КСУ-БЕН-4,111.7,2022-03-01 16:00:00
355,КСУ-БЕН-1,110.8,2022-03-01 22:00:00
356,КСУ-БЕН-5,167.9,2022-03-02 04:00:00
357,КСУ-БЕН-2,136.9,2022-03-02 10:00:00
358,АСН-6,52.2,2022-03-02 13:00:00
359,КСУ-БЕН-5,168.9,2022-03-02 16:00:00
360,КСУ-БЕН-2,122,2022-03-02 22:00:00
361,КСУ-БЕН-5,139,2022-03-03 04:00:00
362,КСУ-БЕН-2,155.1,2022-03-03 10:00:00
363,АСН-6,100.3,2022-03-03 11:10:00
364,КСУ-БЕН-5,117.5,2022-03-03 16:00:00
365,КСУ-БЕН-2,153.2,2022-03-03 22:00:00
366,КСУ-БЕН-5,174.8,2022-03-04 04:00:00
367,АСН-6,100.8,2022-03-04 09:00:00
368,КСУ-БЕН-2,134.5,2022-03-04 10:00:00
369,КСУ-БЕН-5,113.3,2022-03-04 16:00:00
370,КСУ-БЕН-3,106.9,2022-03-04 22:00:00
371,КСУ-БЕН-6,108,2022-03-05 04:00:00
372,АСН-6,93.2,2022-03-05 09:00:00
373,КСУ-БЕН-3,197.6,2022-03-05 10:00:00
374,КСУ-БЕН-6,153.9,2022-03-05 16:00:00
375,КСУ-БЕН-3,75.2,2022-03-05 22:00:00
376,КСУ-БЕН-5,108.2,2022-03-06 04:00:00
377,КСУ-БЕН-2,204.3,2022-03-06 10:00:00
378,АСН-6,73.6,2022-03-06 11:45:00
379,КСУ-БЕН-4,224.7,2022-03-06 14:45:00
380,АСН-6,121.8,2022-03-06 15:15:00
381,КСУ-БЕН-4,142.4,2022-03-06 16:00:00
382,АСН-6,114.2,2022-03-06 20:40:00
383,КСУ-БЕН-2,171.4,2022-03-06 22:00:00
384,КСУ-БЕН-5,163.6,2022-03-07 04:00:00
385,АСН-6,110.4,2022-03-07 08:20:00
386,КСУ-БЕН-2,145.7,2022-03-07 10:00:00
387,КСУ-БЕН-5,190,2022-03-07 16:00:00
388,КСУ-БЕН-3,203.4,2022-03-07 22:00:00
389,КСУ-БЕН-6,183.9,2022-03-08 04:00:00
390,АСН-6,87.7,2022-03-08 08:45:00
391,КСУ-БЕН-3,156,2022-03-08 10:00:00
392,КСУ БЕН-6,186,2022-03-08 16:00:00
393,АСН-6,40.9,2022-03-08 18:50:00
394,КСУ-БЕН-3,132.4,2022-03-08 22:00:00
395,КСУ-БЕН-6,175.7,2022-03-09 04:00:00
396,АСН-6,104.5,2022-03-09 07:30:00
397,КСУ БЕН-4,179,2022-03-09 10:00:00
398,КСУ БЕН-1,175.4,2022-03-09 16:00:00
399,АСН-6,78,2022-03-09 19:20:00
400,КСУ-БЕН-1,111.5,2022-03-10 04:00:00
401,КСУ БЕН-4,136.4,2022-03-10 10:00:00
402,АСН-6,82.3,2022-03-10 10:20:00
403,КСУ БЕН-1,118.9,2022-03-10 16:00:00
404,АСН-6,84.8,2022-03-10 19:01:00
405,КСУ -БЕН-4,149,2022-03-10 22:00:00
406,КСУ БЕН-1,120.7,2022-03-11 04:00:00
407,АСН-4,91.8,2022-03-11 08:45:00
408,КСУ БЕН-5,170.3,2022-03-11 10:00:00
409,КСУ БЕН-2,111.5,2022-03-11 16:00:00
410,АСН-6,41.8,2022-03-11 18:50:00
411,КСУ БЕН-5,109.1,2022-03-11 22:00:00
412,КСУ БЕН-2,130.8,2022-03-12 04:00:00
413,КСУ БЕН-5,160.2,2022-03-12 10:00:00
414,АСН-6,87.7,2022-03-12 10:50:00
415,КСУ БЕН-2,149.1,2022-03-12 16:00:00
416,АСН-6,79,2022-03-12 18:40:00
417,КСУ БЕН-5,146.4,2022-03-12 22:00:00
418,КСУ БЕН-2,172.4,2022-03-13 04:00:00
419,АСН-6,135.5,2022-03-13 08:30:00
420,КСУ БЕН-5,163.1,2022-03-13 10:00:00
421,КСУ БЕН-2,218,2022-03-13 16:00:00
422,КСУ БЕН-3,161.2,2022-03-13 18:00:00
423,АСН-6,97.5,2022-03-13 21:06:00
424,КСУ БЕН-5,165.2,2022-03-13 22:00:00
425,КСУ БЕН-1,168.4,2022-03-14 04:00:00
426,КСУ БЕН-4,178.5,2022-03-14 10:00:00
427,АСН-6,153,2022-03-14 10:10:00
428,КСУ БЕН-1,160.7,2022-03-14 16:00:00
429,АСН-6,77.7,2022-03-14 19:00:00
430,КСУ БЕН-4,173.5,2022-03-14 22:00:00
431,КСУ БЕН-6,118.8,2022-03-15 04:00:00
432,АСН-6,91.5,2022-03-15 07:40:00
433,КСУ БЕН-3,184.6,2022-03-15 10:00:00
434,КСУ БЕН-6,199.9,2022-03-15 16:00:00
435,АСН-6,53.7,2022-03-15 20:20:00
436,КСУ БЕН-3,141.8,2022-03-15 22:00:00
437,КСУ БЕН-6,109.9,2022-03-16 04:00:00
438,КСУ БЕН-4,119.4,2022-03-16 10:00:00
439,АСН-6,68.5,2022-03-16 14:30:00
440,КСУ БЕН-6,149.5,2022-03-16 16:00:00
441,АСН-6,65.5,2022-03-16 20:55:00
442,КСУ БЕН-3,162.7,2022-03-16 22:00:00
443,КСУ БЕН-5,152.3,2022-03-17 04:00:00
444,КСУ БЕН-2,147.7,2022-03-17 10:00:00
445,КСУ БЕН-5,103.3,2022-03-17 16:00:00
446,АСН-5,137.8,2022-03-17 16:15:00
447,АСН-5,81.4,2022-03-17 19:25:00
448,КСУ БЕН-3,97.4,2022-03-17 22:00:00
449,КСУ БЕН-5,115.3,2022-03-18 04:00:00
450,АСН-6,62.2,2022-03-18 06:30:00
451,КСУ БЕН-2,154.6,2022-03-18 10:00:00
452,КСУ БЕН-4,175,2022-03-18 16:00:00
453,АСН-6,88.6,2022-03-18 18:30:00
454,КСУ БЕН-1,118.5,2022-03-18 22:00:00
455,КСУ БЕН-4,170,2022-03-19 04:00:00
456,АСН-6,75.7,2022-03-19 07:30:00
457,КСУ БЕН-1,166.5,2022-03-19 10:00:00
458,КСУ БЕН-4,162.2,2022-03-19 16:00:00
459,АСН-6,77.7,2022-03-19 19:30:00
460,КСУ БЕН-1,140.8,2022-03-19 22:00:00
461,КСУ БЕН-3,108.1,2022-03-20 04:00:00
462,АСН-6,88.1,2022-03-20 08:25:00
463,КСУ БЕН-6,155.4,2022-03-20 10:00:00
464,КСУ БЕН-2,145.6,2022-03-20 16:00:00
465,АСН-6,89.1,2022-03-20 19:30:00
466,КСУ БЕН-6,118.2,2022-03-20 22:00:00
467,КСУ БЕН-3,136.7,2022-03-21 04:00:00
468,АСН-6,82.3,2022-03-21 07:15:00
469,КСУ БЕН-6,129.4,2022-03-21 10:00:00
470,КСУ БЕН-2,169.2,2022-03-21 16:00:00
471,АСН-6,95.2,2022-03-21 19:30:00
472,КСУ БЕН-5,105,2022-03-21 22:00:00
473,КСУ БЕН-2,121.1,2022-03-22 04:00:00
474,КСУ БЕН-5,109,2022-03-22 10:00:00
475,АСН-6,48.4,2022-03-22 14:25:00
476,КСУ БЕН-2,125.4,2022-03-22 16:00:00
477,АСН-6,62.3,2022-03-22 18:30:00
478,КСУ БЕН-4,112.8,2022-03-22 22:00:00
479,КСУ БЕН-1,97.9,2022-03-23 04:00:00
480,КСУ БЕН-4,103.3,2022-03-23 10:00:00
481,АСН-6,54.6,2022-03-23 10:10:00
482,КСУ БЕН-1,124.6,2022-03-23 16:00:00
483,АСН-6,63.9,2022-03-23 20:50:00
484,КСУ БЕН-4,133.5,2022-03-23 22:00:00
485,КСУ БЕН-1,124.4,2022-03-24 04:00:00
486,КСУ БЕН-3,122.4,2022-03-24 10:00:00
487,АСН-6,99.3,2022-03-24 10:20:00
488,КСУ БЕН-6,135.4,2022-03-24 16:00:00
489,АСН-6,74.4,2022-03-24 20:25:00
490,КСУ БЕН-4,98.3,2022-03-24 22:00:00
491,КСУ БЕН-2,139.8,2022-03-25 04:00:00
492,АСН-6,84.1,2022-03-25 07:05:00
493,КСУ БЕН-5,152,2022-03-25 10:00:00
494,КСУ-БЕН-2,163.9,2022-03-25 16:00:00
495,АСН-6,110.9,2022-03-25 21:00:00
496,КСУ БЕН-6,170.1,2022-03-25 22:00:00
497,КСУ-БЕН-3,165.4,2022-03-26 04:00:00
498,КСУ-БЕН-1,137.3,2022-03-26 10:00:00
499,АСН-6,63.1,2022-03-26 10:20:00
500,КСУ-БЕН-4,117.3,2022-03-26 16:00:00
501,АСН-6,92.7,2022-03-26 21:00:00
502,КСУ-БЕН-2,177.1,2022-03-26 22:00:00
503,КСУ-БЕН-5,197.3,2022-03-27 04:00:00
504,АСН-6,122.5,2022-03-27 07:00:00
505,КСУ БЕН-2,172,2022-03-27 10:00:00
506,АСН-6,112.6,2022-03-27 14:55:00
507,КСУ БЕН-6,164,2022-03-27 16:00:00
508,АСН-6,105.4,2022-03-27 21:00:00
509,КСУ БЕН-3,130.9,2022-03-27 22:00:00
510,КСУ БЕН-1,146.8,2022-03-28 04:00:00
511,АСН-6,131.1,2022-03-28 07:30:00
512,КСУ БЕН-4,137.4,2022-03-28 10:00:00
513,АСН-6,119.7,2022-03-28 21:10:00
514,КСУ БЕН-5,166.4,2022-03-28 22:00:00
515,КСУ БЕН-2,127.6,2022-03-29 04:00:00
516,КСУ БЕН-6,110.5,2022-03-29 10:00:00
517,АСН-6,113.4,2022-03-29 10:40:00
518,КСУ БЕН-4,206.2,2022-03-29 18:00:00
519,КСУ БЕН-5,208.6,2022-03-29 20:00:00
520,АСН-6,91.2,2022-03-29 20:50:00
521,КСУ БЕН-6,206.5,2022-03-29 00:00:00
522,КСУ БЕН-2,167.5,2022-03-30 02:00:00
523,КСУ БЕН-4,159.1,2022-03-30 06:00:00
524,АСН-6,74.3,2022-03-30 06:30:00
525,КСУ БЕН-1,121.5,2022-03-30 10:00:00
526,КСУ БЕН-5,129.4,2022-03-30 16:00:00
527,КСУ БЕН-2,127.8,2022-03-30 22:00:00
528,АСН-6,101.4,2022-03-30 22:50:00
529,КСУ БЕН-5,177.9,2022-03-31 04:00:00
530,АСН-5,99.9,2022-03-31 08:15:00
531,КСУ БЕН-3,239.6,2022-03-31 10:00:00
532,КСУ БЕН-4,214.5,2022-03-31 12:00:00
533,КСУ БЕН-5,235.8,2022-03-31 14:00:00
535,КСУ БЕН-6,216.4,2022-03-31 16:00:00
536,АСН-6,95.6,2022-03-31 21:20:00
537,КСУ БЕН-4,141.7,2022-03-31 22:00:00
538,КСУ БЭН-1,140.4,2022-04-01 04:00:00
539,АСН-6,111.5,2022-04-01 06:40:00
540,КСУ БЭН-5,146.9,2022-04-01 10:00:00
541,КСУ БЭН-2,251.9,2022-04-01 16:00:00
542,КСУ БЭН-6,216.2,2022-04-01 22:00:00
543,АСН-6,137.2,2022-04-01 22:30:00
544,КСУ БЕН-4,199.8,2022-04-02 04:00:00
545,КСУ БЕН-2,228.5,2022-04-02 10:00:00
546,АСН-6,166,2022-04-02 10:10:00
547,КСУ БЕН-5,200.9,2022-04-02 16:00:00
548,АСН-6,187.3,2022-04-02 21:10:00
549,КСУ БЕН-3,166.2,2022-04-02 22:00:00
550,КСУ БЕН-6,185.5,2022-04-03 04:00:00
551,КСУ БЕН-3,347.3,2022-04-03 10:00:00
552,КСУ БЕН-5,299.3,2022-04-03 12:00:00
553,КСУ БЕН-6,288.5,2022-04-03 14:00:00
554,КСУ БЕН-1,255.7,2022-04-03 16:00:00
555,КСУ БЕН-3,235.1,2022-04-03 20:00:00
556,КСУ БЕН-4,236.8,2022-04-03 22:00:00
557,АСН-6,176.3,2022-04-04 00:15:00
558,КСУ БЕН-2,175.1,2022-04-04 04:00:00
559,КСУ БЕН-5,169.3,2022-04-04 10:00:00
560,АСН-6,132.7,2022-04-04 12:40:00
561,КСУ БЕН-3,160.3,2022-04-04 16:00:00
562,КСУ БЕН-6,107.2,2022-04-04 22:00:00
563,АСН-6,109.7,2022-04-05 03:30:00
564,КСУ БЕН-4,121,2022-04-05 04:00:00
565,АСН-6,109.7,2022-04-05 08:30:00
566,КСУ БЕН-2,122.5,2022-04-05 10:00:00
567,КСУ БЕН-5,155.5,2022-04-05 16:00:00
568,КСУ БЕН-2,163.3,2022-04-05 22:00:00
569,АСН-6,137.6,2022-04-06 03:00:00
570,КСУ БЕН-6,145.5,2022-04-06 04:00:00
571,АСН-6,128.3,2022-04-06 08:40:00
572,КСУ БЕН-3,198,2022-04-06 10:00:00
573,КСУ БЕН-6,130.9,2022-04-06 16:00:00
574,АСН-6,129.4,2022-04-06 20:30:00
575,КСУ БЕН-4,146.5,2022-04-06 22:00:00
576,КСУ БЕН-5,125.7,2022-04-07 04:00:00
577,АСН-6,34.7,2022-04-07 08:10:00
578,КСУ БЕН-5,175,2022-04-07 10:00:00
579,КСУ БЕН-2,143.6,2022-04-07 16:00:00
580,КСУ БЕН-6,133.8,2022-04-07 22:00:00
581,АСН-6,91.3,2022-04-08 00:10:00
582,КСУ БЕН-3,95.5,2022-04-08 04:00:00
583,АСН-6,92.5,2022-04-08 07:00:00
584,КСУ-БЕН6,130.7,2022-04-08 10:00:00
585,КСУ БЕН-4,88.1,2022-04-08 16:00:00
586,АСН-6,103.6,2022-04-08 19:35:00
587,КСУ БЕН-1,153.3,2022-04-08 22:00:00
588,КСУ БЕН-5,136.8,2022-04-09 04:00:00
589,КСУ БЕН-2,82.5,2022-04-09 10:00:00
590,АСН-6,83.9,2022-04-09 14:10:00
591,КСУ БЕН-5,73,2022-04-09 16:00:00
592,КСУ БЕН-3,103.8,2022-04-09 22:00:00
593,АСН-6,58.2,2022-04-10 03:25:00
594,КСУ БЕН-6,98.4,2022-04-10 04:00:00
595,АСН-6,74.9,2022-04-10 08:20:00
596,КСУ БЕН-3,102.6,2022-04-10 10:00:00
597,КСУ БЕН-6,50,2022-04-10 16:00:00
598,КСУ БЕН-3,135.2,2022-04-10 22:00:00
599,АСН-6,60.6,2022-04-11 02:10:00
600,КСУ БЕН-1,166,2022-04-11 04:00:00
601,АСН-6,95.8,2022-04-11 09:20:00
602,КСУ БЕН-4,178.7,2022-04-11 10:00:00
603,КСУ БЕН-1,139.5,2022-04-11 16:00:00
604,КСУ БЕН-4,92.6,2022-04-11 22:00:00
605,АСН-6,74.1,2022-04-12 03:35:00
606,КСУ БЕН-1,170.7,2022-04-12 04:00:00
607,КСУ БЕН-5,174.4,2022-04-12 10:00:00
608,АСН-6,55,2022-04-12 15:30:00
609,КСУ БЕН-2,172.7,2022-04-12 16:00:00
610,КСУ БЕН-5,139.2,2022-04-12 22:00:00
611,АСН-6,109.4,2022-04-13 01:10:00
612,КСУ БЕН-2,58.8,2022-04-13 04:00:00
613,КСУ БЕН-5,136.7,2022-04-13 10:00:00
614,АСН-6,64.4,2022-04-13 10:30:00
615,КСУ БЕН-4,139.7,2022-04-13 16:00:00
616,КСУ БЕН-1,81.4,2022-04-13 22:00:00
617,КСУ БЕН-4,134.4,2022-04-14 04:00:00
618,АСН-6,83,2022-04-14 04:15:00
619,КСУ БЕН-1,133,2022-04-14 10:00:00
620,АСН-6,87.5,2022-04-14 13:00:00
621,КСУ БЕН-5,157.3,2022-04-14 16:00:00
622,КСУ БЕН-2,139.5,2022-04-14 22:00:00
623,АСН-6,98.3,2022-04-15 00:25:00
624,КСУ БЕН-5,187.4,2022-04-15 04:00:00
625,КСУ БЕН-3,103.4,2022-04-15 10:00:00
626,КСУ БЕН-6,56.6,2022-04-15 16:00:00
627,КСУ БЕН-3,134.1,2022-04-15 22:00:00
628,АСН-6,72.7,2022-04-16 00:15:00
629,КСУ БЕН-6,185.4,2022-04-16 04:00:00
630,КСУ БЕН-3,117.6,2022-04-16 10:00:00
631,АСН-6,73.5,2022-04-16 10:05:00
632,КСУ БЕН-1,217.2,2022-04-16 16:00:00
633,КСУ БЕН-4,182.1,2022-04-16 22:00:00
634,АСН-6,78.4,2022-04-17 01:35:00
635,КСУ БЕН-1,101,2022-04-17 04:00:00
636,КСУ БЕН-5,173,2022-04-17 10:00:00
637,КСУ БЕН-2,212.9,2022-04-17 16:00:00
638,АСН-6,23.3,2022-04-17 17:00:00
639,КСУ БЕН-5,190.3,2022-04-17 22:00:00
640,АСН-6,155.3,2022-04-18 00:25:00
641,КСУ БЕН-3,161.4,2022-04-18 04:00:00
643,АСН-6,124.2,2022-04-18 08:30:00
644,КСУ БЕН-1,221.5,2022-04-18 12:00:00
646,АСН-6,181.4,2022-04-18 17:00:00
647,КСУ БЕН-1,159.1,2022-04-18 22:00:00
648,АСН-6,129.9,2022-04-19 03:10:00
649,КСУ БЕН-5,169.9,2022-04-19 04:00:00
650,КСУ БЕН-2,128.8,2022-04-19 10:00:00
651,АСН-6,101.1,2022-04-19 13:30:00
652,КСУ БЕН-5,196.7,2022-04-19 16:00:00
653,КСУ БЕН-3,208.9,2022-04-19 22:00:00
654,АСН-6,130,2022-04-20 02:55:00
655,КСУ БЕН-6,128.8,2022-04-20 04:00:00
656,АСН-6,120.7,2022-04-20 09:00:00
657,КСУ БЕН-6,146.3,2022-04-20 10:00:00
658,КСУ БЕН-1,183.5,2022-04-20 17:00:00
659,КСУ БЕН-4,237.6,2022-04-20 22:00:00
660,АСН-6,132.3,2022-04-22 01:10:00
661,КСУ БЕН-2,245.3,2022-04-22 04:00:00
662,КСУ БЕН-1,256.3,2022-04-22 14:00:00
663,КСУ БЕН-3,122.4,2022-04-22 18:00:00
664,КСУ БЕН-5,207,2022-04-22 22:00:00
665,АСН-6,92.6,2022-04-22 22:30:00
666,КСУ БЕН-2,274.9,2022-04-23 04:00:00
667,АСН-6,100.2,2022-04-23 08:45:00
668,КСУ-БЕН-6,257.2,2022-04-23 10:00:00
669,КСУ-БЕН-3,47,2022-04-23 16:00:00
670,АСН-6,129.7,2022-04-23 18:20:00
671,КСУ-БЕН-1,238.6,2022-04-23 22:00:00
672,КСУ БЕН-5,226.6,2022-04-24 04:00:00
673,АСН-6,97.5,2022-04-24 08:50:00
674,КСУ БЕН-2,213.4,2022-04-24 10:00:00
675,КСУ БЕН-6,209,2022-04-24 16:00:00
676,КСУ БЕН-3,221.6,2022-04-24 22:00:00
677,АСН-6,106.3,2022-04-25 02:10:00
678,КСУ БЕН-1,228.8,2022-04-25 04:00:00
679,КСУ-БЕН-5,213.1,2022-04-25 10:00:00
680,АСН-6,118.7,2022-04-25 12:40:00
681,КСУ БЕН-2,181.5,2022-04-25 16:00:00
682,АСН-5,147.4,2022-04-25 19:00:00
683,КСУ-БЕН-5,144.9,2022-04-25 22:00:00
684,КСУ БЕН-3,213.5,2022-04-26 04:00:00
685,КСУ БЕН-6,217.8,2022-04-26 10:00:00
686,АСН-6,149.1,2022-04-26 13:00:00
687,КСУ БЕН-3,218.3,2022-04-26 16:00:00
688,АСН-6,121.6,2022-04-26 18:45:00
689,КСУ БЕН-6,161.8,2022-04-26 22:00:00
690,КСУ БЕН-3,222.5,2022-04-27 04:00:00
691,АСН-6,82.7,2022-04-27 08:50:00
692,КСУ БЕН-1,186,2022-04-27 10:00:00
693,КСУ БЕН-4,192.6,2022-04-27 16:00:00
694,АСН-6,99.7,2022-04-27 18:40:00
695,КСУ БЕН-1,186.9,2022-04-27 22:00:00
696,КСУ БЕН-4,149.3,2022-04-28 04:00:00
697,АСН-6,99.6,2022-04-28 08:10:00
698,КСУ БЕН-1,168.3,2022-04-28 10:00:00
699,КСУ БЕН-4,178.7,2022-04-28 16:00:00
700,АСН-6,114.9,2022-04-28 18:15:00
701,КСУ БЕН-1,264.4,2022-04-28 22:00:00
702,КСУ БЕН-4,230.5,2022-04-29 04:00:00
703,АСН-6,94.9,2022-04-29 08:30:00
704,КСУ БЕН-1,277.9,2022-04-29 10:00:00
705,КСУ БЕН-6,279.2,2022-04-29 16:00:00
706,КСУ БЕН-3,245.4,2022-04-29 22:00:00
707,АСН-6,110.7,2022-04-30 00:50:00
708,КСУ БЕН-6,237.7,2022-04-30 04:00:00
709,АСН-6,174.6,2022-04-30 08:15:00
710,КСУ БЕН-3,276,2022-04-30 10:00:00
711,КСУ БЕН-6,260.4,2022-04-30 16:00:00
712,КСУ БЕН-3,284.2,2022-04-30 22:00:00
713,АСН-6,194,2022-05-01 00:20:00
714,КСУ БЕН-1,285.9,2022-05-01 04:00:00
715,АСН-6,182.6,2022-05-01 04:15:00
716,АСН-6,164.2,2022-05-01 08:15:00
717,КСУ БЕН-5,120,2022-05-01 10:00:00
718,КСУ БЕН-1,234.4,2022-05-01 16:00:00
719,АСН-6,222.8,2022-05-01 21:15:00
720,КСУ БЕН-4,224.2,2022-05-01 22:00:00
721,АСН-6,221.3,2022-05-01 22:20:00
722,КСУ БЕН-1,230.5,2022-05-02 04:00:00
723,АСН-6,123.4,2022-05-02 04:10:00
724,АСН-6,137.1,2022-05-02 08:40:00
725,КСУ БЕН-5,194.6,2022-05-02 10:00:00
726,КСУ БЕН-2,148.9,2022-05-02 16:00:00
727,АСН-6,137.3,2022-05-02 16:35:00
728,АСН-6,99.1,2022-05-02 21:00:00
729,КСУ БЕН-6,149.8,2022-05-02 22:00:00
730,КСУ БЕН-3,184.9,2022-05-03 04:00:00
731,АСН-6,104.6,2022-05-03 08:45:00
732,КСУ БЕН-6,184.4,2022-05-03 10:00:00
733,КСУ БЕН-3,208,2022-05-03 16:00:00
734,АСН-6,108.5,2022-05-03 18:20:00
735,КСУ БЕН-1,138.5,2022-05-03 22:00:00
736,КСУ БЕН-5,152.1,2022-05-04 04:00:00
737,АСН-6,129.5,2022-05-04 08:55:00
738,КСУ БЕН-2,157.2,2022-05-04 10:00:00
739,КСУ-БЕН-6,166.3,2022-05-04 16:00:00
740,АСН-6,110.4,2022-05-04 18:30:00
741,КСУ-БЕН-3,198.6,2022-05-04 22:00:00
742,КСУ-БЕН-6,164.8,2022-05-05 04:00:00
743,АСН-6,97.6,2022-05-05 08:45:00
744,КСУ-БЕН-3,175.9,2022-05-05 10:00:00
745,КСУ-БЕН-1,189.8,2022-05-05 16:00:00
746,АСН-6,128.7,2022-05-05 21:15:00
747,КСУ-БЕН-5,178.3,2022-05-05 22:00:00
748,КСУ-БЕН-2,208.1,2022-05-06 04:00:00
749,АСН-6,122.8,2022-05-06 08:20:00
750,КСУ-БЕН-6,141.3,2022-05-06 10:00:00
751,КСУ-БЕН-3,169.2,2022-05-06 16:00:00
752,АСН-6,113.9,2022-05-06 18:55:00
753,КСУ-БЕН-1,183.5,2022-05-06 22:00:00
754,КСУ-БЕН-3,173.9,2022-05-07 04:00:00
755,АСН-6,100.1,2022-05-07 09:20:00
756,КСУ-БЕН-1,186.7,2022-05-07 10:00:00
757,КСУ-БЕН-3,144.6,2022-05-07 16:00:00
758,АСН-6,107.6,2022-05-07 18:25:00
759,КСУ-БЕН-6,117.6,2022-05-07 22:00:00
760,КСУ-БЕН-3,172.1,2022-05-08 04:00:00
761,АСН-6,89.7,2022-05-08 08:15:00
762,КСУ-БЕН-6,177.8,2022-05-08 10:00:00
763,КСУ-БЕН-3,159.1,2022-05-08 16:00:00
764,АСН-6,73.4,2022-05-08 18:25:00
765,КСУ-БЕН-6,185.4,2022-05-08 22:00:00
766,КСУ-БЕН-3,199.8,2022-05-09 04:00:00
767,АСН-6,110.1,2022-05-09 07:05:00
768,КСУ-БЕН-6,190.1,2022-05-09 10:00:00
769,АСН-6,125.6,2022-05-09 12:50:00
770,КСУ-БЕН-3,191.4,2022-05-09 16:00:00
771,АСН-6,119.7,2022-05-09 21:00:00
772,КСУ БЕН-6,140.9,2022-05-09 22:00:00
773,КСУ-БЕН-2,153.1,2022-05-10 04:00:00
774,АСН-6,62.3,2022-05-10 04:08:00
775,КСУ-БЕН-5,133.3,2022-05-10 10:00:00
776,АСН-6,49.2,2022-05-10 12:15:00
777,КСУ-БЕН-2,206.3,2022-05-10 16:00:00
778,АСН-6,86.5,2022-05-10 19:35:00
779,КСУ БЕН-5,193.7,2022-05-10 22:00:00
780,КСУ БЕН-2,185.1,2022-05-11 04:00:00
781,АСН-6,116.4,2022-05-11 08:10:00
782,КСУ БЕН-5,164.2,2022-05-11 10:00:00
783,КСУ БЕН-2,169.3,2022-05-11 16:00:00
784,АСН-6,89.8,2022-05-11 20:20:00
785,КСУ БЕН-2,227.9,2022-05-12 04:00:00
786,КСУ БЕН-5,222.2,2022-05-12 10:00:00
787,АСН-6,103,2022-05-12 12:05:00
788,КСУ БЕН-2,191,2022-05-12 16:00:00
789,КСУ БЕН-4,107.5,2022-05-12 22:00:00
790,АСН-6,117.8,2022-05-12 23:00:00
791,КСУ БЕН-6,91.8,2022-05-13 00:30:00
792,АСН-6,62,2022-05-13 02:13:00
793,КСУ БЕН-2,92.5,2022-05-13 04:00:00
794,КСУ БЕН-4,120.1,2022-05-13 10:00:00
795,АСН-6,59.3,2022-05-13 11:00:00
796,КСУ БЕН-6,95.1,2022-05-13 12:00:00
797,КСУ БЕН-1,127.6,2022-05-13 14:00:00
798,АСН-6,46.3,2022-05-13 14:30:00
799,КСУ БЕН-2,121.8,2022-05-13 16:00:00
800,КСУ БЕН-4,149.4,2022-05-13 18:00:00
801,АСН-6,79.6,2022-05-13 20:20:00
802,КСУ БЕН-1,160.9,2022-05-13 22:00:00
803,КСУ БЕН-4,135.1,2022-05-14 02:00:00
804,КСУ БЕН-1,106.4,2022-05-14 06:00:00
805,АСН-6,50.8,2022-05-14 08:10:00
806,КСУ БЕН-4,106.5,2022-05-14 10:00:00
807,АСН-6,83.5,2022-05-14 14:20:00
808,КСУ БЕН-2,114.9,2022-05-14 16:00:00
809,КСУ БЕН-1,82.1,2022-05-14 22:00:00
810,АСН-6,82,2022-05-15 00:10:00
811,КСУ БЕН-6,69.5,2022-05-15 04:00:00
812,АСН-6,43.9,2022-05-15 08:15:00
813,КСУ БЕН-5,110.1,2022-05-15 10:00:00
814,АСН-6,47.1,2022-05-15 14:35:00
815,КСУ БЕН-1,101.9,2022-05-15 16:00:00
816,КСУ БЕН-6,183.5,2022-05-15 21:30:00
817,КСУ БЕН-2,122.6,2022-05-15 23:30:00
818,КСУ БЕН-5,119.2,2022-05-16 02:10:00
819,АСН-6,40.6,2022-05-16 03:00:00
820,АСН-6,47.2,2022-05-16 03:40:00
821,АСН-6,56,2022-05-16 08:45:00
822,КСУ БЕН-6,117.07,2022-05-16 10:00:00
823,АСН-6,38.5,2022-05-16 11:20:00
824,КСУ БЕН-5,129.4,2022-05-16 16:00:00
825,АСН-6,37.1,2022-05-16 16:40:00
826,КСУ БЕН-5,195.4,2022-05-16 22:00:00
827,КСУ БЕН-5,107.1,2022-05-16 23:30:00
838,АСН-6,57,2022-05-17 00:16:00
839,КСУ БЕН-6,142.5,2022-05-17 04:00:00
840,АСН-6,60.3,2022-05-17 07:15:00
841,КСУ БЕН-3,91.4,2022-05-17 08:00:00
842,АСН-6,33.7,2022-05-17 09:40:00
843,КСУ БЕН-4,64.2,2022-05-17 10:00:00
844,АСН-6,33.5,2022-05-17 11:10:00
845,КСУ БЕН-3,61,2022-05-17 16:00:00
846,АСН-5,27.9,2022-05-17 20:20:00
847,КСУ БЕН-6,65.6,2022-05-17 22:00:00
848,КСУ БЕН-3,67.9,2022-05-18 04:00:00
849,КСУ БЕН-6,76.3,2022-05-18 10:00:00
850,АСН-6,47,2022-05-18 12:10:00
851,КСУ БЕН-3,105.1,2022-05-18 16:00:00
852,КСУ БЕН-6,83.9,2022-05-18 22:00:00
853,АСН-6,53.1,2022-05-19 00:40:00
854,КСУ БЕН-3,85.3,2022-05-19 04:00:00
855,КСУ БЕН-6,113.4,2022-05-19 10:00:00
856,АСН-6,59,2022-05-19 11:30:00
857,АСН-6,53.7,2022-05-19 14:10:00
858,КСУ БЕН-6,100.3,2022-05-19 16:00:00
859,АСН-6,55.5,2022-05-19 19:10:00
860,КСУ БЕН-6,148.9,2022-05-19 22:00:00
861,КСУ БЕН-3,185.6,2022-05-20 04:00:00
862,КСУ БЕН-5,177.1,2022-05-20 10:00:00
863,АСН-6,67.7,2022-05-20 10:45:00
864,КСУ БЕН-2,168.8,2022-05-20 16:00:00
865,АСН-6,53.3,2022-05-20 20:15:00
866,КСУ БЕН-5,236.5,2022-05-20 22:00:00
867,КСУ БЕН-2,160.2,2022-05-21 04:00:00
868,АСН-6,79.1,2022-05-21 08:40:00
869,КСУ БЕН-5,176.8,2022-05-21 10:00:00
870,КСУ БЕН-2,181.7,2022-05-21 16:00:00
871,АСН-6,34.6,2022-05-21 19:25:00
872,КСУ БЕН-5,186.9,2022-05-21 22:00:00
873,КСУ БЕН-2,213.4,2022-05-22 04:00:00
874,КСУ БЕН-4,188.7,2022-05-22 10:00:00
875,АСН-6,96.2,2022-05-22 12:15:00
876,КСУ БЕН-1,181,2022-05-22 16:00:00
877,АСН-6,78.2,2022-05-22 18:45:00
878,КСУ БЕН-4,176.5,2022-05-22 22:00:00
879,КСУ БЕН-1,188.6,2022-05-23 04:00:00
880,КСУ БЕН-4,223.8,2022-05-23 10:00:00
881,АСН-6,117.1,2022-05-23 12:50:00
882,КСУ БЕН-1,193.6,2022-05-23 16:00:00
883,КСУ-БЕН-5,173.7,2022-05-23 22:00:00
884,АСН-6,104.4,2022-05-23 23:20:00
885,АСН-6,104.4,2022-05-24 23:20:00
886,КСУ-БЕН-2,185.9,2022-05-24 04:00:00
887,КСУ-БЕН-5,207.3,2022-05-24 10:00:00
888,АСН-6,95.4,2022-05-24 12:25:00
889,КСУ-БЕН-2,170.3,2022-05-24 16:00:00
890,КСУ-БЕН-5,148.9,2022-05-24 22:00:00
891,АСН-6,79.5,2022-05-24 22:55:00
892,АСН-6,79.5,2022-05-25 22:55:00
893,КСУ-БЕН-2,133.7,2022-05-25 04:00:00
894,КСУ-БЕН-5,159.8,2022-05-25 10:00:00
895,АСН-6,83.5,2022-05-25 10:10:00
896,КСУ-БЕН-2,157.8,2022-05-25 16:00:00
897,КСУ-БЕН-6,179.8,2022-05-25 22:00:00
898,АСН-6,91.3,2022-05-26 03:10:00
899,КСУ-БЕН-3,190.5,2022-05-26 04:00:00
900,АСН-6,98.7,2022-05-26 08:45:00
901,КСУ-БЕН-1,171,2022-05-26 10:00:00
902,КСУ-БЕН-5,140.3,2022-05-26 16:00:00
903,КСУ-БЕН-2,104.5,2022-05-26 22:00:00
904,АСН-6,87,2022-05-27 00:30:00
905,КСУ БЕН-6,135.9,2022-05-27 04:00:00
906,АСН-6,121.8,2022-05-27 06:20:00
907,КСУ БЕН-3,202.3,2022-05-27 10:00:00
908,КСУ БЕН-2,195.2,2022-05-27 16:00:00
909,КСУ БЕН-2,153.9,2022-05-27 22:00:00
910,КСУ-БЕН-2,179.6,2022-05-28 04:00:00
911,АСН-6,135.6,2022-05-28 04:15:00
912,КСУ-БЕН-1,195.6,2022-05-28 10:00:00
913,АСН-6,99.2,2022-05-28 10:55:00
914,КСУ-БЕН-2,143.1,2022-05-28 16:00:00
915,АСН-6,103.9,2022-05-28 19:30:00
916,КСУ-БЕН-2,127.4,2022-05-29 04:00:00
917,АСН-6,95.2,2022-05-29 08:40:00
918,КСУ-БЕН-5,129.2,2022-05-29 10:00:00
919,КСУ-БЕН-2,151.4,2022-05-29 16:00:00
920,АСН-6,77.8,2022-05-29 20:50:00
921,КСУ-БЕН-6,177.4,2022-05-29 22:00:00
922,КСУ БЕН-3,172.8,2022-05-30 04:00:00
923,АСН-6,60.7,2022-05-30 06:40:00
924,КСУ БЕН-1,155.6,2022-05-30 10:00:00
925,КСУ БЕН-4,120.3,2022-05-30 16:00:00
926,КСУ БЕН-1,88.1,2022-05-30 22:00:00
927,АСН-6,85.5,2022-05-30 22:30:00
928,КСУ БЕН-5,219.5,2022-05-31 04:00:00
929,АСН-6,92.9,2022-05-31 09:05:00
930,КСУ БЕН-2,156.3,2022-05-31 10:00:00
931,КСУ БЕН-6,128.1,2022-05-31 18:00:00
932,КСУ БЕН-2,114.6,2022-05-31 22:00:00
933,АСН-6,115.6,2022-06-01 00:40:00
934,КСУ-БЕН-5,119.5,2022-06-01 04:00:00
935,АСН-6,64.5,2022-06-01 08:10:00
936,КСУ-БЕН-3,130,2022-06-01 10:00:00
937,КСУ-БЕН-6,145.2,2022-06-01 16:00:00
938,КСУ-БЕН-3,144,2022-06-01 22:00:00
939,АСН-6,79.3,2022-06-01 23:50:00
940,КСУ-БЕН-1,126.6,2022-06-02 04:00:00
941,АСН-6,87.2,2022-06-02 08:10:00
942,КСУ-БЕН-5,141.7,2022-06-02 10:00:00
943,КСУ-БЕН-2,129.8,2022-06-02 16:00:00
944,АСН-6,57.8,2022-06-02 20:30:00
945,КСУ-БЕН-6,81,2022-06-02 22:00:00
946,КСУ-БЕН-3,132.4,2022-06-03 04:00:00
947,АСН-6,62.2,2022-06-03 08:15:00
948,КСУ-БЕН-2,115.2,2022-06-03 10:00:00
949,КСУ-БЕН-5,119.1,2022-06-03 16:00:00
950,АСН-6,45.1,2022-06-03 21:05:00
951,КСУ-БЕН-2,114.5,2022-06-03 22:00:00
952,КСУ-БЕН-6,109.7,2022-06-04 04:00:00
953,КСУ-БЕН-4,127.2,2022-06-04 10:00:00
954,АСН-6,90.2,2022-06-04 11:15:00
955,КСУ-БЕН-1,134.7,2022-06-04 16:00:00
956,КСУ-БЕН-5,140.7,2022-06-04 22:00:00
957,АСН-6,69.7,2022-06-04 23:20:00
958,КСУ БЕН-2,161.9,2022-06-05 04:00:00
959,АСН-6,87.7,2022-06-05 08:40:00
960,КСУ БЕН-6,171.7,2022-06-05 10:00:00
961,КСУ БЕН-3,161.2,2022-06-05 16:00:00
962,АСН-6,97,2022-06-05 21:25:00
963,КСУ-БЕН-1,177.2,2022-06-05 22:00:00
964,КСУ-БЕН-5,108,2022-06-06 04:00:00
965,АСН-6,62.5,2022-06-06 07:15:00
966,КСУ БЕН-2,117.9,2022-06-06 10:00:00
967,КСУ-БЕН-5,150.8,2022-06-06 16:00:00
968,КСУ БЕН-2,88.5,2022-06-06 22:00:00
969,АСН-6,73.2,2022-06-06 23:40:00
970,КСУ БЕН-6,137.1,2022-06-07 04:00:00
971,КСУ БЕН-4,130,2022-06-07 10:00:00
972,АСН-6,73,2022-06-07 10:10:00
973,КСУ БЕН-1,139.1,2022-06-07 16:00:00
974,АСН-6,65.2,2022-06-07 21:10:00
975,КСУ БЕН-5,80.6,2022-06-07 22:00:00
976,КСУ БЕН-2,96.3,2022-06-08 04:00:00
977,КСУ БЕН-6,134.5,2022-06-08 10:00:00
978,АСН-6,95.1,2022-06-08 12:50:00
979,КСУ-БЕН-3,146.2,2022-06-08 16:00:00
980,КСУ-БЕН-1,85.6,2022-06-08 22:00:00
981,АСН-6,88.3,2022-06-09 02:20:00
982,КСУ БЕН-5,146.6,2022-06-09 04:00:00
983,КСУ БЕН-3,133,2022-06-09 10:00:00
984,АСН-6,87.8,2022-06-09 12:40:00
985,КСУ-БЕН-1,151.8,2022-06-09 16:00:00
986,КСУ БЕН-5,136,2022-06-09 22:00:00
987,АСН-6,93.6,2022-06-10 03:25:00
988,КСУ БЕН-2,147.3,2022-06-10 04:00:00
989,КСУ-БЕН-6,116.2,2022-06-10 10:00:00
990,КСУ-БЕН-3,115.8,2022-06-10 16:00:00
991,КСУ-БЕН-1,138.6,2022-06-10 22:00:00
992,АСН-6,74.6,2022-06-11 02:50:00
993,КСУ БЕН-5,140,2022-06-11 04:00:00
994,КСУ-БЕН-2,143.2,2022-06-11 10:00:00
995,КСУ-БЕН-6,136.8,2022-06-11 16:00:00
996,КСУ-БЕН-3,66.8,2022-06-11 22:00:00
997,АСН-6,61.9,2022-06-12 00:30:00
998,КСУ БЕН-1,94.3,2022-06-12 04:00:00
999,КСУ-БЕН-6,155.1,2022-06-12 10:00:00
1000,КСУ-БЕН-3,138.3,2022-06-12 16:00:00
1001,КСУ БЕН-1,63.1,2022-06-12 22:00:00
1002,КСУ БЕН-5,131.2,2022-06-13 04:00:00
1003,КСУ-БЕН-2,121.5,2022-06-13 10:00:00
1004,КСУ-БЕН-6,93.8,2022-06-13 16:00:00
1005,КСУ-БЕН-3,119.9,2022-06-13 22:00:00
1006,КСУ-БЕН-1,122.9,2022-06-14 04:00:00
1007,КСУ-БЕН-5,96.6,2022-06-14 10:00:00
1008,КСУ-БЕН-2,107.6,2022-06-14 16:00:00
1009,КСУ-БЕН-6,113.4,2022-06-14 22:00:00
1010,КСУ БЕН-3,179.7,2022-06-15 04:00:00
1011,КСУ-БЕН-1,126,2022-06-15 10:00:00
1012,КСУ-БЕН-5,131.3,2022-06-15 16:00:00
1013,КСУ-БЕН-2,128,2022-06-15 22:00:00
1014,КСУ БЕН-6,155.9,2022-06-16 04:00:00
1015,КСУ БЕН-3,133.4,2022-06-16 10:00:00
1016,КСУ БЕН-1,151.8,2022-06-16 16:00:00
1017,КСУ БЕН-5,136.9,2022-06-16 22:00:00
1018,КСУ БЕН-2,146.6,2022-06-17 04:00:00
1019,АСН-6,110.2,2022-06-17 10:50:00
1020,КСУ-БЕН-1,134.9,2022-06-17 11:00:00
1021,КСУ-БЕН-6,126,2022-06-17 18:00:00
1022,КСУ БЕН-2,160,2022-06-17 22:00:00
1023,КСУ-БЕН-6,156.3,2022-06-18 04:00:00
1024,КСУ-БЕН-3,173.6,2022-06-18 10:00:00
1025,КСУ-БЕН-1,171,2022-06-18 16:00:00
1026,КСУ БЕН-5,107.2,2022-06-18 22:00:00
1027,КСУ БЕН-2,166.4,2022-06-19 04:00:00
1028,КСУ-БЕН-1,124.3,2022-06-19 10:00:00
1029,КСУ-БЕН-5,135.7,2022-06-19 16:00:00
1030,КСУ БЕН-2,116.7,2022-06-19 22:00:00
1031,КСУ-БЕН-6,147,2022-06-20 04:00:00
1032,КСУ-БЕН-3,149.1,2022-06-20 10:00:00
1033,КСУ-БЕН-1,137.6,2022-06-20 16:00:00
1034,КСУ-БЕН-5,84.9,2022-06-20 22:00:00
1035,КСУ БЕН-2,133.5,2022-06-21 04:00:00
1036,КСУ-БЕН-1,128.2,2022-06-21 10:00:00
1037,КСУ-БЕН-5,140.3,2022-06-21 16:00:00
1038,КСУ БЕН-2,113.9,2022-06-21 22:00:00
1039,КСУ-БЕН-6,126.4,2022-06-22 04:00:00
1040,КСУ-БЕН-5,115.3,2022-06-22 10:00:00
1041,КСУ-БЕН-2,140.8,2022-06-22 16:00:00
1042,КСУ-БЕН-6,142.5,2022-06-22 22:00:00
1043,КСУ-БЕН-5,143.9,2022-06-23 04:00:00
1044,КСУ-БЕН-2,174,2022-06-23 10:00:00
1045,КСУ-БЕН-1,178,2022-06-23 16:00:00
1046,КСУ БЕН-6,129.7,2022-06-23 22:00:00
1047,КСУ-БЕН-3,126.2,2022-06-24 04:00:00
1048,КСУ-БЕН-1,148.9,2022-06-24 10:00:00
1049,КСУ-БЕН-5,187.7,2022-06-24 16:00:00
1050,КСУ-БЕН-3,111,2022-06-24 22:00:00
1051,КСУ-БЕН-1,117.5,2022-06-25 04:00:00
1052,КСУ-БЕН-5,148.8,2022-06-25 10:00:00
1053,КСУ-БЕН-3,141.9,2022-06-25 16:00:00
1054,КСУ-БЕН-2,145.2,2022-06-25 22:00:00
1055,КСУ-БЕН-6,139.7,2022-06-26 04:00:00
1056,КСУ-БЕН-3,142,2022-06-26 10:00:00
1057,КСУ-БЕН-2,125.6,2022-06-26 16:00:00
1058,КСУ-БЕН-6,134,2022-06-26 22:00:00
1059,КСУ-БЕН-3,153.4,2022-06-27 04:00:00
1060,КСУ-БЕН-1,120.5,2022-06-27 09:00:00
1061,КСУ-БЕН-2,116.4,2022-06-27 11:00:00
1062,КСУ-БЕН-3,117.5,2022-06-27 13:00:00
1063,КСУ-БЕН-5,120.1,2022-06-27 15:00:00
1064,КСУ-БЕН-1,78.3,2022-06-27 17:00:00
1065,КСУ-БЕН-2,85.8,2022-06-27 19:00:00
1066,КСУ-БЕН-1,121.1,2022-06-28 03:00:00
1067,КСУ-БЕН-6,189.4,2022-06-28 10:00:00
1068,КСУ-БЕН-5,129.5,2022-06-28 16:00:00
1069,КСУ-БЕН-2,110.3,2022-06-28 22:00:00
1070,КСУ-БЕН-6,98,2022-06-29 04:00:00
1071,КСУ-БЕН-5,98.2,2022-06-29 10:00:00
1072,КСУ-БЕН-2,115.9,2022-06-29 16:00:00
1073,КСУ-БЕН-1,133.6,2022-06-29 22:00:00
1074,КСУ-БЕН-5,172.1,2022-06-30 04:00:00
1075,КСУ-БЕН-2,141.1,2022-06-30 10:00:00
1076,КСУ-БЕН-1,123.6,2022-06-30 16:00:00
1077,КСУ-БЕН-5,113.2,2022-06-30 22:00:00
1078,КСУ-БЕН-3,130.2,2022-07-01 04:00:00
1079,КСУ-БЕН-2,150.4,2022-07-01 10:00:00
1080,КСУ-БЕН-6,117.2,2022-07-01 16:00:00
1081,КСУ-БЕН-5,130.7,2022-07-01 22:00:00
1082,КСУ-БЕН-2,117.2,2022-07-02 04:00:00
1083,КСУ-БЕН-6,167.5,2022-07-02 10:00:00
1084,КСУ-БЕН-2,129.2,2022-07-02 22:00:00
1085,КСУ-БЕН-6,140,2022-07-03 04:00:00
1086,КСУ-БЕН-5,169.7,2022-07-03 10:00:00
1087,КСУ-БЕН-2,136.9,2022-07-03 16:00:00
1088,КСУ-БЕН-1,141.3,2022-07-03 22:00:00
1089,КСУ-БЕН-6,171.6,2022-07-04 04:00:00
1090,КСУ-БЕН-3,144.6,2022-07-04 10:00:00
1091,КСУ-БЕН-1,133.4,2022-07-04 16:00:00
1092,КСУ-БЕН-6,129.6,2022-07-04 22:00:00
1093,КСУ-БЕН-3,120.2,2022-07-05 04:00:00
1094,КСУ-БЕН-2,168.3,2022-07-05 10:00:00
1095,КСУ-БЕН-6,146.1,2022-07-05 16:00:00
1096,КСУ-БЕН-5,170.6,2022-07-05 22:00:00
1097,КСУ-БЕН-2,157.6,2022-07-06 04:00:00
1098,КСУ-БЕН-6,143.9,2022-07-06 10:00:00
1099,КСУ-БЕН-3,242.6,2022-07-06 16:00:00
1100,КСУ-БЕН-1,118.3,2022-07-06 22:00:00
1101,КСУ-БЕН-5,104.4,2022-07-07 04:00:00
1102,КСУ-БЕН-2,119.8,2022-07-07 10:00:00
1103,КСУ-БЕН-1,110,2022-07-07 16:00:00
1104,КСУ-БЕН-5,165.9,2022-07-07 22:00:00
1105,КСУ-БЕН-2,136.9,2022-07-08 04:00:00
1106,КСУ-БЕН-1,98.5,2022-07-08 10:00:00
1107,КСУ-БЕН-5,85.2,2022-07-08 16:00:00
1108,КСУ БЕН-3,104.9,2022-07-08 22:00:00
1109,КСУ-БЕН-3,121.2,2022-07-09 04:00:00
1110,КСУ-БЕН-6,93.3,2022-07-09 10:00:00
1111,КСУ-БЕН-3,99.6,2022-07-09 16:00:00
1112,КСУ-БЕН-1,87.6,2022-07-09 22:00:00
1113,КСУ-БЕН-5,91.6,2022-07-10 04:00:00
1114,КСУ-БЕН-3,127.8,2022-07-10 10:00:00
1115,КСУ-БЕН-2,107,2022-07-10 16:00:00
1116,КСУ-БЕН-1,154.2,2022-07-10 22:00:00
1117,КСУ БЕН-5,126.3,2022-07-11 04:00:00
1118,КСУ БЕН-2,97.3,2022-07-11 10:00:00
1119,КСУ БЕН-6,106.8,2022-07-11 16:00:00
1120,КСУ БЕН-5,178.8,2022-07-11 22:00:00
1121,КСУ-БЕН-2,182.5,2022-07-12 04:00:00
1122,КСУ-БЕН-6,106.7,2022-07-12 10:00:00
1123,КСУ-БЕН-6,92.5,2022-07-12 16:00:00
1124,КСУ-БЕН-3,94.8,2022-07-12 22:00:00
1125,КСУ БЕН-1,85,2022-07-13 04:00:00
1126,КСУ БЕН-5,97.6,2022-07-13 10:00:00
1127,КСУ БЕН-5,106,2022-07-13 16:00:00
1128,КСУ БЕН-2,97.3,2022-07-13 22:00:00
1129,КСУ-БЕН-6,103.5,2022-07-14 04:00:00
1130,КСУ-БЕН-3,107.3,2022-07-14 10:00:00
1131,КСУ-БЕН-1,111,2022-07-14 16:00:00
1132,КСУ-БЕН-6,97.1,2022-07-14 22:00:00
1133,КСУ-БЕН-3,114.8,2022-07-15 04:00:00
1134,КСУ-БЕН-1,105.3,2022-07-15 10:00:00
1135,КСУ-БЕН-5,98.9,2022-07-15 16:00:00
1136,КСУ-БЕН-2,98.3,2022-07-15 22:00:00
1137,КСУ-БЕН-6,116.6,2022-07-16 04:00:00
1138,КСУ-БЕН-3,124.9,2022-07-16 10:00:00
1139,КСУ-БЕН-2,110.4,2022-07-16 16:00:00
1140,КСУ-БЕН-6,130.5,2022-07-16 22:00:00
1141,КСУ-БЕН-3,145.6,2022-07-17 04:00:00
1142,КСУ-БЕН-1,156.8,2022-07-17 10:00:00
1143,КСУ-БЕН-6,137.7,2022-07-17 16:00:00
1144,КСУ-БЕН-5,128.5,2022-07-17 22:00:00
1145,КСУ-БЕН-1,155.1,2022-07-18 04:00:00
1146,КСУ-БЕН-6,133.2,2022-07-18 10:00:00
1147,КСУ-БЕН-3,141,2022-07-18 16:00:00
1148,КСУ-БЕН-1,119.6,2022-07-18 22:00:00
1149,КСУ-БЕН-6,133.3,2022-07-19 04:00:00
1150,КСУ-БЕН-3,119.5,2022-07-19 10:00:00
1151,КСУ-БЕН-2,158.3,2022-07-19 16:00:00
1152,КСУ-БЕН-6,153.2,2022-07-19 22:00:00
1153,КСУ-БЕН-3,146.6,2022-07-20 04:00:00
1154,КСУ-БЕН-1,178.7,2022-07-20 10:00:00
1155,КСУ-БЕН-5,138.1,2022-07-20 16:00:00
1156,КСУ-БЕН-2,116.6,2022-07-20 22:00:00
1157,КСУ -БЕН-1,121.7,2022-07-21 04:00:00
1158,КСУ -БЕН-6,109.4,2022-07-21 10:00:00
1159,КСУ -БЕН-3,230,2022-07-21 16:00:00
1160,КСУ-БЕН-5,263,2022-07-21 19:00:00
1161,КСУ-БЕН-6,83.9,2022-07-21 21:00:00
1162,КСУ-БЕН-5,182,2022-07-22 04:00:00
1163,КСУ-БЕН-3,208.5,2022-07-22 10:00:00
1164,КСУ-БЕН-6,178.3,2022-07-22 16:00:00
1165,КСУ-БЕН-5,120.4,2022-07-22 22:00:00
1166,КСУ-БЕН-1,153.3,2022-07-23 04:00:00
1167,КСУ-БЕН-6,112.2,2022-07-23 10:00:00
1168,КСУ-БЕН-3,124.6,2022-07-23 16:00:00
1169,КСУ-БЕН-2,163.1,2022-07-23 22:00:00
1170,КСУ-БЕН-6,154.5,2022-07-24 04:00:00
1171,КСУ-БЕН 3,110.3,2022-07-24 10:00:00
1172,КСУ-БЕН-2,120.5,2022-07-24 16:00:00
1173,КСУ-БЕН-1,103,2022-07-24 22:00:00
1174,КСУ-БЕН-5,94.5,2022-07-25 04:00:00
1175,КСУ БЕН-2,143.4,2022-07-25 10:00:00
1176,КСУ-БЕН-6,131.4,2022-07-25 16:00:00
1177,КСУ-БЕН-3,128.5,2022-07-25 22:00:00
1178,КСУ-БЕН-1,118,2022-07-26 04:00:00
1179,КСУ-БЕН-5,185.3,2022-07-26 10:00:00
1180,КСУ-БЕН-3,128.5,2022-07-26 16:00:00
1181,КСУ-БЕН-1,123.2,2022-07-26 22:00:00
1182,КСУ-БЕН-5,128.3,2022-07-27 04:00:00
1183,КСУ-БЕН-2,116.5,2022-07-27 10:00:00
1184,КСУ-БЕН-6,112.6,2022-07-27 16:00:00
1185,КСУ-БЕН-5,88.1,2022-07-27 22:00:00
1186,КСУ-БЕН-2,109.6,2022-07-28 04:00:00
1187,КСУ-БЕН-6,106.9,2022-07-28 10:00:00
1188,КСУ-БЕН-3,102.9,2022-07-28 16:00:00
1189,КСУ-БЕН-2,110.8,2022-07-28 22:00:00
1190,КСУ-БЕН-6,145.9,2022-07-29 04:00:00
1191,КСУ-БЕН-3,128.5,2022-07-29 10:00:00
1192,КСУ-БЕН-3,129.1,2022-07-29 16:00:00
1193,КСУ-БЕН-1,146.3,2022-07-29 22:00:00
1194,КСУ-БЕН-6,146.6,2022-07-30 04:00:00
1195,КСУ-БЕН-3,167.3,2022-07-30 10:00:00
1196,КСУ-БЕН-1,126.3,2022-07-30 16:00:00
1197,КСУ-БЕН-6,151.3,2022-07-30 22:00:00
1198,КСУ-БЕН-3,174.2,2022-07-31 04:00:00
1199,КСУ-БЕН-1,110,2022-07-31 10:00:00
1200,КСУ-БЕН-6,133.8,2022-07-31 16:00:00
1201,КСУ-БЕН-3,110.6,2022-07-31 22:00:00
1202,КСУ-БЕН-1,118.2,2022-08-01 04:00:00
1203,КСУ-БЕН-5,124.7,2022-08-01 10:00:00
1204,КСУ-БЕН-3,134.5,2022-08-01 16:00:00
1205,КСУ-БЕН-1,118.5,2022-08-01 22:00:00
1206,КСУ-БЕН-5,121.1,2022-08-02 04:00:00
1207,КСУ-БЕН-2,124.2,2022-08-02 10:00:00
1208,КСУ-БЕН-1,128,2022-08-02 16:00:00
1209,КСУ-БЕН-5,134.1,2022-08-02 22:00:00
1210,КСУ-БЕН-2,133.1,2022-08-03 04:00:00
1211,КСУ-БЕН-6,116.6,2022-08-03 10:00:00
1212,КСУ-БЕН-3,142.7,2022-08-03 16:00:00
1213,КСУ-БЕН-2,143.5,2022-08-03 22:00:00
1214,КСУ-БЕН-6,115.2,2022-08-04 04:00:00
1215,КСУ-БЕН-3,126.6,2022-08-04 10:00:00
1216,КСУ-БЕН-2,120.9,2022-08-04 16:00:00
1217,КСУ-БЕН-6,100.1,2022-08-04 22:00:00
1218,КСУ-БЕН-3,137.9,2022-08-05 04:00:00
1219,КСУ-БЕН-2,136.5,2022-08-05 10:00:00
1220,КСУ-БЕН-6,123.1,2022-08-05 16:00:00
1221,КСУ-БЕН-5,117.1,2022-08-05 22:00:00
1222,КСУ-БЕН-2,68.6,2022-08-06 04:00:00
1223,КСУ-БЕН-6,136.8,2022-08-06 10:00:00
1224,КСУ-БЕН-3,117.8,2022-08-06 16:00:00
1225,КСУ-БЕН-1,123.8,2022-08-06 22:00:00
1226,КСУ-БЕН-6,149.3,2022-08-07 04:00:00
1227,КСУ-БЕН-3,149.5,2022-08-07 10:00:00
1228,КСУ-БЕН-1,226,2022-08-07 16:00:00
1229,КСУ-БЕН-6,131.8,2022-08-07 22:00:00
1230,КСУ-БЕН-5,125,2022-08-08 04:00:00
1231,КСУ-БЕН-2,124,2022-08-08 10:00:00
1232,КСУ-БЕН-1,134.2,2022-08-08 16:00:00
1233,КСУ-БЕН-6,136.4,2022-08-08 22:00:00
1234,КСУ-БЕН-3,133.8,2022-08-09 04:00:00
1235,КСУ БЕН-2,104.3,2022-08-09 10:00:00
1236,КСУ-БЕН-1,144.6,2022-08-09 16:00:00
1237,КСУ-БЕН-5,144.8,2022-08-09 22:00:00
1238,КСУ-БЕН-6,131.1,2022-08-10 04:00:00
1239,КСУ-БЕН-5,169.9,2022-08-10 10:00:00
1240,КСУ-БЕН-3,161.1,2022-08-10 16:00:00
1241,КСУ-БЕН-2,150.3,2022-08-10 22:00:00
1242,КСУ-БЕН-6,155.6,2022-08-11 04:00:00
1243,КСУ-БЕН-5,182.6,2022-08-11 10:00:00
1244,КСУ-БЕН-2,150.7,2022-08-11 14:30:00
1245,КСУ-БЕН-1,121.3,2022-08-11 22:00:00
1246,КСУ-БЕН-5,117.8,2022-08-12 04:00:00
1247,КСУ-БЕН-3,110.2,2022-08-12 10:00:00
1248,КСУ-БЕН-1,147.4,2022-08-12 16:00:00
1249,КСУ-БЕН-6,122.1,2022-08-12 22:00:00
1250,КСУ-БЕН-4,143.2,2022-08-13 04:00:00
1251,КСУ-БЕН-3,123.2,2022-08-13 10:00:00
1252,КСУ-БЕН-1,117.8,2022-08-13 18:00:00
1253,КСУ-БЕН-6,119.4,2022-08-13 22:00:00
1254,КСУ-БЕН-3,123.5,2022-08-14 04:00:00
1255,КСУ-БЕН-2,126.7,2022-08-14 10:00:00
1256,КСУ-БЕН-1,101.6,2022-08-14 16:00:00
1257,КСУ-БЕН-5,170.9,2022-08-14 22:00:00
1258,КСУ-БЕН-3,109.6,2022-08-15 04:00:00
1259,КСУ-БЕН-2,146,2022-08-15 10:00:00
1260,КСУ-БЕН-6,129.6,2022-08-15 16:00:00
1261,КСУ-БЕН-5,123.7,2022-08-15 22:00:00
1262,КСУ-БЕН-2,122,2022-08-16 04:00:00
1263,КСУ-БЕН-1,156.2,2022-08-16 10:00:00
1264,КСУ-БЕН-5,114,2022-08-16 16:00:00
1265,КСУ-БЕН-3,144,2022-08-16 22:00:00
1266,КСУ-БЕН-2,145.3,2022-08-17 04:00:00
1267,КСУ-БЕН-6,135.3,2022-08-17 10:00:00
1268,КСУ-БЕН-3,146.5,2022-08-17 16:00:00
1269,КСУ-БЕН-2,168.6,2022-08-17 22:00:00
1270,КСУ-БЕН-6,111.6,2022-08-18 04:00:00
1271,КСУ-БЕН-5,142.1,2022-08-18 10:00:00
1272,КСУ-БЕН-3,167.7,2022-08-18 16:00:00
1273,КСУ-БЕН-6,191.4,2022-08-18 22:00:00
1274,КСУ-БЕН-2,113.4,2022-08-19 01:00:00
1275,КСУ-БЕН-5,119.7,2022-08-19 04:00:00
1276,КСУ-БЕН-3,159.5,2022-08-19 10:00:00
1277,КСУ-БЕН-1,158,2022-08-19 16:00:00
1278,КСУ-БЕН-6,109,2022-08-19 22:00:00
1279,КСУ-БЕН-3,113.6,2022-08-20 04:00:00
1280,КСУ-БЕН-2,118.4,2022-08-20 10:00:00
1281,КСУ-БЕН-6,137.6,2022-08-20 16:00:00
1282,КСУ-БЕН-5,129.6,2022-08-20 22:00:00
1283,КСУ-БЕН-3,173,2022-08-21 04:00:00
1284,КСУ-БЕН-2,140.7,2022-08-21 10:00:00
1285,КСУ-БЕН-4,91.1,2022-08-21 16:00:00
1286,КСУ-БЕН-3,110.4,2022-08-21 22:00:00
1287,КСУ-БЕН-2,124.1,2022-08-22 04:00:00
1288,КСУ-БЕН-1,112.3,2022-08-22 10:00:00
1289,КСУ-БЕН-5,114.9,2022-08-22 16:00:00
1290,КСУ-БЕН-3,92,2022-08-22 22:00:00
1291,КСУ-БЕН-2,108.3,2022-08-23 04:00:00
1292,КСУ-БЕН-6,115.6,2022-08-23 10:00:00
1293,КСУ-БЕН-3,118.3,2022-08-23 16:00:00
1294,КСУ-БЕН-2,179.3,2022-08-23 22:00:00
1295,КСУ-БЕН-6,181.7,2022-08-24 04:00:00
1296,КСУ-БЕН-3,174.2,2022-08-24 10:00:00
1297,КСУ-БЕН-1,171,2022-08-24 16:00:00
1298,КСУ-БЕН-4,152.5,2022-08-24 22:00:00
1299,КСУ-БЕН-2,148,2022-08-25 04:00:00
1300,КСУ-БЕН-5,110.5,2022-08-25 10:00:00
1301,КСУ-БЕН-3,95.2,2022-08-25 16:00:00
1302,КСУ-БЕН-1,99.1,2022-08-25 22:00:00
1303,КСУ-БЕН-5,102.7,2022-08-26 04:00:00
1304,КСУ-БЕН-3,97.3,2022-08-26 10:00:00
1305,КСУ-БЕН-6,93.9,2022-08-26 16:00:00
1306,КСУ-БЕН-5,134.3,2022-08-26 22:00:00
1307,КСУ-БЕН-2,203.9,2022-08-27 04:00:00
1308,КСУ-БЕН-3,142.2,2022-08-27 06:00:00
1309,КСУ-БЕН-6,100.6,2022-08-27 10:00:00
1310,КСУ-БЕН-5,131.2,2022-08-27 16:00:00
1311,КСУ-БЕН-2,225.2,2022-08-27 22:00:00
1312,КСУ-БЕН-6,248.8,2022-08-28 04:00:00
1313,КСУ-БЕН-2,242.4,2022-08-28 06:00:00
1314,КСУ-БЕН-5,211.9,2022-08-28 10:00:00
1315,КСУ-БЕН-2,201.6,2022-08-28 16:00:00
1316,КСУ-БЕН-6,141.5,2022-08-28 22:00:00
1317,КСУ-БЕН-5,214.8,2022-08-29 04:00:00
1318,КСУ-БЕН-2,144.2,2022-08-29 10:00:00
1319,КСУ-БЕН-6,134.2,2022-08-29 16:00:00
1320,КСУ-БЕН-3,116.2,2022-08-29 22:00:00
1321,КСУ-БЕН-2,142.6,2022-08-30 04:00:00
1322,КСУ-БЕН-6,193.9,2022-08-30 10:00:00
1323,КСУ-БЕН-3,158.9,2022-08-30 16:00:00
1324,КСУ-БЕН-5,192.8,2022-08-30 17:00:00
1325,КСУ-БЕН-1,210,2022-08-30 22:00:00
1326,КСУ-БЕН-6,277.1,2022-08-31 04:00:00
1327,АСН-6,257,2022-08-31 05:30:00
1328,АСН-6,164,2022-08-31 06:35:00
1329,КСУ-БЕН-2,205.6,2022-08-31 08:30:00
1330,АСН-6,201.5,2022-08-31 08:40:00
1331,КСУ-БЕН-3,209.9,2022-08-31 10:00:00
1332,КСУ-БЕН-5,190.7,2022-08-31 12:00:00
1333,КСУ-БЕН-2,155.5,2022-08-31 16:00:00
1334,КСУ-БЕН-3,135.7,2022-08-31 18:00:00
1335,АСН-6,123.3,2022-08-31 20:20:00
1336,КСУ-БЕН-6,100.7,2022-08-31 22:00:00
1337,КСУ-БЕН-3,79.6,2022-09-01 02:00:00
1338,КСУ-БЕН-5,126.3,2022-09-01 04:00:00
1339,КСУ-БЕН-6,124.3,2022-09-01 07:00:00
1340,КСУ-БЕН-2,117.6,2022-09-01 10:00:00
1341,КСУ-БЕН-5,136.2,2022-09-01 13:00:00
1342,КСУ-БЕН-6,157.3,2022-09-01 16:00:00
1343,КСУ-БЕН-3,116.8,2022-09-01 22:00:00
1344,КСУ-БЕН-2,275,2022-09-02 04:00:00
1345,КСУ-БЕН-3,246.3,2022-09-02 07:00:00
1346,КСУ-БЕН-6,140.4,2022-09-02 10:00:00
1347,КСУ-БЕН-5,122.1,2022-09-02 13:00:00
1348,КСУ-БЕН-6,79.3,2022-09-02 16:00:00
1349,КСУ-БЕН-2,132,2022-09-02 22:00:00
1350,КСУ-БЕН-3,109,2022-09-03 01:00:00
1351,КСУ-БЕН-6,140.4,2022-09-03 04:00:00
1352,КСУ-БЕН-3,166,2022-09-03 10:00:00
1353,КСУ-БЕН-1,168.2,2022-09-03 16:00:00
1354,КСУ-БЕН-5,305.9,2022-09-03 22:00:00
1355,КСУ-БЕН-3,246.9,2022-09-04 04:00:00
1356,КСУ-БЕН-5,228.5,2022-09-04 07:00:00
1357,БМ,3399.7,2022-09-04 08:00:00
1358,КСУ-БЕН-1,265.1,2022-09-04 10:00:00
1359,КСУ-БЕН-3,119.2,2022-09-04 13:00:00
1360,КСУ-БЕН-6,164,2022-09-04 16:00:00
1361,КСУ-БЕН-3,166.5,2022-09-04 22:00:00
1362,КСУ-БЕН-1,159.6,2022-09-05 04:00:00
1363,АСН-6,135.1,2022-09-05 06:35:00
1364,БМ,3155.9,2022-09-05 07:30:00
1365,КСУ-БЕН-3,144.7,2022-09-05 10:00:00
1366,КСУ-БЕН-1,139.8,2022-09-05 16:00:00
1367,КСУ-БЕН-5,146.1,2022-09-05 22:00:00
1372,АСН-6,85.5,2022-09-06 03:10:00
1373,КСУ-БЕН-6,143.2,2022-09-06 04:00:00
1374,КСУ-БЕН-3,137.1,2022-09-06 10:00:00
1375,КСУ-БЕН-1,125.7,2022-09-06 14:00:00
1376,КСУ-БЕН-5,152.2,2022-09-06 22:00:00
1377,КСУ-БЕН-2,109.3,2022-09-08 04:00:00
1378,КСУ-БЕН-6,196.8,2022-09-08 10:00:00
1379,КСУ-БЕН-3,152,2022-09-08 16:00:00
1380,КСУ-БЕН-1,173.6,2022-09-08 22:00:00
1381,КСУ-БЕН-6,173.6,2022-09-09 04:00:00
1382,КСУ-БЕН-3,179.1,2022-09-09 10:00:00
1383,КСУ-БЕН-1,156.3,2022-09-09 16:00:00
1384,КСУ-БЕН-5,149.4,2022-09-09 22:00:00
1385,КСУ-БЕН-2,200,2022-09-10 04:00:00
1386,КСУ-БЕН-6,187.3,2022-09-10 10:00:00
1387,КСУ-БЕН-3,191.8,2022-09-10 16:00:00
1388,КСУ-БЕН-6,156.9,2022-09-10 22:00:00
1389,КСУ-БЕН-5,148.3,2022-09-11 04:00:00
1390,КСУ-БЕН-2,145.3,2022-09-11 10:00:00
1391,КСУ-БЕН-6,144,2022-09-11 16:00:00
1392,КСУ-БЕН-3,146.1,2022-09-11 22:00:00
1393,КСУ-БЕН-2,157.2,2022-09-12 04:00:00
1394,КСУ-БЕН-5,162.2,2022-09-12 10:00:00
1395,КСУ-БЕН-3,148.2,2022-09-12 16:00:00
1396,КСУ-БЕН-1,193.8,2022-09-12 22:00:00
1397,КСУ-БЕН-5,149.7,2022-09-13 04:00:00
1398,КСУ-БЕН-2,145.6,2022-09-13 10:00:00
1399,КСУ-БЕН-6,138,2022-09-13 16:00:00
1400,КСУ-БЕН-6,154.8,2022-09-14 01:30:00
1401,КСУ-БЕН-1,199.4,2022-09-14 04:00:00
1402,КСУ-БЕН-6,166.7,2022-09-14 10:00:00
1403,КСУ-БЕН-5,165.2,2022-09-14 16:00:00
1404,КСУ-БЕН-2,170,2022-09-14 22:00:00
1405,КСУ-БЕН-6,174.8,2022-09-15 04:00:00
1406,АСН-5,120.1,2022-09-15 07:30:00
1407,КСУ-БЕН-3,131.7,2022-09-15 10:00:00
1408,КСУ-БЕН-3,176.4,2022-09-15 16:00:00
1409,КСУ-БЕН-1,174,2022-09-15 22:00:00
1410,КСУ-БЕН-5,163.7,2022-09-16 04:00:00
1411,АСН-5,44.7,2022-09-16 04:40:00
1412,КСУ-БЕН-3,204.5,2022-09-16 10:00:00
1413,КСУ-БЕН-1,158.3,2022-09-16 16:00:00
1414,КСУ-БЕН-5,219.1,2022-09-16 22:00:00
1415,АСН-5,44.3,2022-09-17 03:05:00
1416,КСУ-БЕН-2,181.9,2022-09-17 04:00:00
1417,КСУ-БЕН-6,182.1,2022-09-17 10:00:00
1418,КСУ-БЕН-2,187.7,2022-09-17 22:00:00
1419,КСУ-БЕН-1,190.2,2022-09-18 04:00:00
1420,АСН-5,111.2,2022-09-18 06:25:00
1421,КСУ-БЕН-5,166.6,2022-09-18 10:00:00
1422,КСУ-БЕН-3,176.3,2022-09-18 16:00:00
1423,КСУ-БЕН-1,175.2,2022-09-18 22:00:00
1424,КСУ-БЕН-6,151.7,2022-09-19 04:00:00
1425,КСУ-БЕН-3,135.1,2022-09-19 10:00:00
1426,АСН-5,87.3,2022-09-19 10:35:00
1427,КСУ-БЕН-1,132.1,2022-09-19 16:00:00
1428,КСУ-БЕН-5,150.6,2022-09-19 22:00:00
1429,КСУ-БЕН-2,147.1,2022-09-20 04:00:00
1430,КСУ-БЕН-6,149.5,2022-09-20 10:00:00
1431,КСУ-БЕН-5,132.2,2022-09-20 16:00:00
1432,КСУ-БЕН-2,119.2,2022-09-20 22:00:00
1433,КСУ БЕН-1,146.2,2022-09-21 04:00:00
1434,КСУ-БЕН-5,176.2,2022-09-21 10:00:00
1435,КСУ-БЕН-2,126.4,2022-09-21 16:00:00
1436,КСУ-БЕН-1,196.5,2022-09-21 22:00:00
1437,КСУ-БЕН-5,215,2022-09-22 04:00:00
1438,КСУ-БЕН-2,168.4,2022-09-22 10:00:00
1439,КСУ-БЕН-1,144.6,2022-09-22 16:00:00
1440,КСУ-БЕН-5,131.8,2022-09-22 22:00:00
1441,КСУ-БЕН-2,163.6,2022-09-23 04:00:00
1442,КСУ-БЕН-1,182.5,2022-09-23 10:00:00
1443,КСУ-БЕН-4,178.6,2022-09-23 16:00:00
1444,АСН-5,129.6,2022-09-23 18:45:00
1445,КСУ-БЕН-1,"329,,4",2022-09-23 22:00:00
1446,КСУ-БЕН-6,224.1,2022-09-24 04:00:00
1447,КСУ-БЕН-3,150.4,2022-09-24 10:00:00
1448,КСУ-БЕН-2,216.7,2022-09-24 16:00:00
1449,КСУ-БЕН-6,108.6,2022-09-24 22:00:00
1450,КСУ-БЕН-3,116.6,2022-09-25 04:00:00
1451,КСУ-БЕН-2,123.5,2022-09-25 10:00:00
1452,КСУ-БЕН-6,126.3,2022-09-25 16:00:00
1453,КСУ-БЕН-3,195.8,2022-09-25 22:00:00
1454,КСУ-БЕН-1,222.6,2022-09-26 04:00:00
1455,КСУ-БЕН-6,138.3,2022-09-26 10:00:00
1456,КСУ-БЕН-3,160.2,2022-09-26 16:00:00
1457,КСУ-БЕН-1,219,2022-09-26 22:00:00
1458,КСУ-БЕН-5,173.9,2022-09-27 04:00:00
1459,КСУ-БЕН-3,125.6,2022-09-27 10:00:00
1460,КСУ-БЕН-2,125.9,2022-09-27 16:00:00
1461,КСУ-БЕН-6,172.2,2022-09-27 22:00:00
1462,КСУ-БЕН-3,131.5,2022-09-28 04:00:00
1463,КСУ-БЕН-2,168.4,2022-09-28 10:00:00
1464,КСУ-БЕН-1,135.8,2022-09-28 16:00:00
1465,КСУ-БЕН-5,101.2,2022-09-28 22:00:00
1466,КСУ-БЕН-2,67.2,2022-09-29 04:00:00
1467,КСУ-БЕН-1,126.8,2022-09-29 10:00:00
1468,КСУ-БЕН-5,117.3,2022-09-29 16:00:00
1469,КСУ-БЕН-2,126.1,2022-09-29 22:00:00
1470,КСУ-БЕН-1,113.4,2022-09-30 04:00:00
1471,КСУ-БЕН-5,143.1,2022-09-30 10:00:00
1472,КСУ-БЕН-6,136,2022-09-30 16:00:00
1473,КСУ-БЕН-3,121.8,2022-09-30 22:00:00
1474,КСУ-БЕН-1,120.5,2022-10-01 04:00:00
1475,КСУ-БЕН-6,118,2022-10-01 10:00:00
1476,КСУ-БЕН-5,149.1,2022-10-01 16:00:00
1477,КСУ-БЕН-2,195.8,2022-10-01 22:00:00
1478,КСУ-БЕН-1,141.8,2022-10-02 04:00:00
1479,КСУ-БЕН-5,152.2,2022-10-02 10:00:00
1480,КСУ-БЕН-3,145.2,2022-10-02 16:00:00
1481,КСУ-БЕН-1,123.8,2022-10-02 22:00:00
1482,КСУ-БЕН-5,132.2,2022-10-03 04:00:00
1483,КСУ-БЕН-3,215.5,2022-10-03 10:00:00
1484,КСУ-БЕН-1,223.6,2022-10-03 16:00:00
1485,КСУ-БЕН-5,139.6,2022-10-03 22:00:00
1486,КСУ-БЕН-3,144.8,2022-10-04 04:00:00
1487,КСУ-БЕН-1,238.2,2022-10-04 10:00:00
1488,КСУ-БЕН-6,234.3,2022-10-04 16:00:00
1489,КСУ-БЕН-3,212.4,2022-10-04 22:00:00
1490,КСУ-БЕН-1,257.9,2022-10-05 04:00:00
1491,КСУ-БЕН-2,237.8,2022-10-05 05:00:00
1492,КСУ-БЕН-6,282.2,2022-10-05 10:00:00
1493,КСУ-БЕН-5,262.3,2022-10-05 16:00:00
1494,КСУ-БЕН-2,273.1,2022-10-05 22:00:00
1495,КСУ-БЕН-6,221.7,2022-10-06 04:00:00
1496,КСУ-БЕН-5,259.4,2022-10-06 10:00:00
1497,КСУ-БЕН-2,173.5,2022-10-06 16:00:00
1498,КСУ-БЕН-6,126.7,2022-10-06 22:00:00
1499,КСУ-БЕН-5,96.2,2022-10-07 04:00:00
1500,КСУ-БЕН-3,77.4,2022-10-07 10:00:00
1501,КСУ-БЕН-2,89.9,2022-10-07 16:00:00
1502,КСУ-БЕН-1,93.6,2022-10-07 22:00:00
1503,КСУ-БЕН-5,162.9,2022-10-08 04:00:00
1504,КСУ-БЕН-3,164.7,2022-10-08 10:00:00
1505,АСН-6,55,2022-10-08 12:10:00
1506,КСУ-БЕН-1,143.9,2022-10-08 14:00:00
1507,КСУ-БЕН-5,174.8,2022-10-08 18:00:00
1508,АСН-6,111.3,2022-10-08 20:10:00
1509,КСУ-БЕН-1,164.4,2022-10-08 22:00:00
1510,КСУ-БЕН-3,176.8,2022-10-09 02:00:00
1511,АСН-6,139.6,2022-10-09 02:20:00
1512,КСУ-БЕН-5,119.8,2022-10-09 06:00:00
1513,АСН-6,112.6,2022-10-09 08:10:00
1514,КСУ-БЕН-3,88.6,2022-10-09 10:00:00
1515,КСУ-БЕН-4,149.4,2022-10-09 14:00:00
1516,АСН-6,74.2,2022-10-09 14:05:00
1517,КСУ-БЕН-2,153.7,2022-10-09 16:00:00
1518,КСУ-БЕН-1,145.5,2022-10-09 22:00:00
1519,КСУ-БЕН-5,178,2022-10-10 04:00:00
1520,АСН-6,63,2022-10-10 04:55:00
1521,КСУ-БЕН-2,148.7,2022-10-10 10:00:00
1522,КСУ-БЕН-2,197.1,2022-10-10 16:00:00
1523,КСУ-БЕН-2,150.3,2022-10-10 17:00:00
1524,КСУ-БЕН-3,130.9,2022-10-10 18:00:00
1525,КСУ-БЕН-5,126.9,2022-10-10 19:00:00
1526,КСУ-БЕН-5,114.9,2022-10-10 20:00:00
1527,КСУ-БЕН-6,101.5,2022-10-10 22:00:00
1528,КСУ-БЕН-5,101.7,2022-10-11 04:00:00
1529,КСУ-БЕН-5,122.9,2022-10-11 04:30:00
1530,КСУ-БЕН-2,94.8,2022-10-11 07:30:00
1531,КСУ-БЕН-3,80.5,2022-10-11 10:00:00
1532,КСУ-БЕН-2,85.3,2022-10-11 16:00:00
1533,КСУ-БЕН-6,70.4,2022-10-11 22:00:00
1534,КСУ-БЕН-3,83.4,2022-10-12 04:00:00
1535,КСУ-БЕН-2,78.3,2022-10-12 10:00:00
1536,КСУ-БЕН-1,134.9,2022-10-12 16:00:00
1537,КСУ-БЕН-5,190.9,2022-10-12 22:00:00
1538,АСН-6,88.2,2022-10-12 22:55:00
1539,КСУ-БЕН-2,161.3,2022-10-13 04:00:00
1540,АСН-6,110.1,2022-10-13 04:15:00
1541,КСУ-БЕН-1,106.5,2022-10-13 10:00:00
1542,КСУ-БЕН-6,75,2022-10-13 16:00:00
1543,КСУ-БЕН-3,98.8,2022-10-13 22:00:00
1544,КСУ-БЕН-2,84.5,2022-10-14 04:00:00
1545,КСУ-БЕН-6,100.3,2022-10-14 10:00:00
1546,КСУ-БЕН-2,130.8,2022-10-14 16:00:00
1547,КСУ-БЕН-2,191.7,2022-10-14 22:00:00
1548,АСН-6,101.7,2022-10-14 23:15:00
1549,КСУ-БЕН-6,134.5,2022-10-15 04:00:00
1550,КСУ-БЕН-5,90.5,2022-10-15 10:00:00
1551,КСУ-БЕН-3,67,2022-10-15 16:00:00
1552,КСУ-БЕН-1,122.8,2022-10-15 22:00:00
1553,КСУ-БЕН-5,81.8,2022-10-16 04:00:00
1554,КСУ-БЕН-3,66.9,2022-10-16 10:00:00
1555,КСУ-БЕН-1,81.2,2022-10-16 16:00:00
1556,КСУ-БЕН-5,72.1,2022-10-16 22:00:00
1557,КСУ-БЕН-3,102.9,2022-10-17 04:00:00
1558,КСУ-БЕН-1,76,2022-10-17 10:00:00
1559,КСУ-БЕН-5,73.9,2022-10-17 16:00:00
1560,КСУ-БЕН-3,95,2022-10-17 22:00:00
1561,КСУ-БЕН-1,132.5,2022-10-18 04:00:00
1562,КСУ-БЕН-6,103.5,2022-10-18 10:00:00
1563,КСУ-БЕН-3,77.8,2022-10-18 16:00:00
1564,КСУ-БЕН-1,64.3,2022-10-18 22:00:00
1565,КСУ-БЕН-6,74.9,2022-10-19 04:00:00
1566,КСУ-БЕН-3,72.2,2022-10-19 10:00:00
1567,КСУ-БЕН-1,77.6,2022-10-19 16:00:00
1568,КСУ-БЕН-6,84.9,2022-10-19 22:00:00
1569,КСУ-БЕН-3,87.3,2022-10-20 04:00:00
1570,КСУ-БЕН-2,77.8,2022-10-20 10:00:00
1571,КСУ-БЕН-4,100.7,2022-10-20 16:00:00
1572,КСУ-БЕН-3,107.5,2022-10-20 22:00:00
1573,КСУ-БЕН-2,77.7,2022-10-21 04:00:00
1574,КСУ-БЕН-6,81.6,2022-10-21 10:00:00
1575,КСУ-БЕН-3,153.3,2022-10-21 16:00:00
1576,КСУ-БЕН-1,122.6,2022-10-21 22:00:00
1577,КСУ-БЕН-6,131.5,2022-10-22 04:00:00
1578,КСУ-БЕН-3,126.6,2022-10-22 10:00:00
1579,КСУ-БЕН-2,140.2,2022-10-22 16:00:00
1580,КСУ-БЕН-6,67.2,2022-10-22 22:00:00
1581,КСУ-БЕН-3,125.9,2022-10-23 04:00:00
1582,КСУ-БЕН-2,141.6,2022-10-23 10:00:00
1583,КСУ-БЕН-6,151.9,2022-10-23 16:00:00
1584,КСУ-БЕН-3,143.9,2022-10-23 22:00:00
1585,КСУ-БЕН-2,75.5,2022-10-24 04:00:00
1586,КСУ-БЕН-6,73.6,2022-10-24 10:00:00
1587,КСУ-БЕН-3,89.6,2022-10-24 16:00:00
1588,КСУ-БЕН-2,79.5,2022-10-24 22:00:00
1589,КСУ-БЕН-6,67.7,2022-10-25 04:00:00
1590,КСУ-БЕН-5,67.3,2022-10-25 10:00:00
1591,КСУ-БЕН-2,116.6,2022-10-25 16:00:00
1592,КСУ-БЕН-1,66.6,2022-10-25 22:00:00
1593,КСУ-БЕН-5,76.2,2022-10-26 04:00:00
1594,КСУ-БЕН-3,99.4,2022-10-26 10:00:00
1595,КСУ-БЕН-1,111.2,2022-10-26 16:00:00
1596,КСУ-БЕН-6,103,2022-10-26 22:00:00
1597,КСУ-БЕН-3,76.5,2022-10-27 04:00:00
1598,КСУ-БЕН-2,94.7,2022-10-27 10:00:00
1599,КСУ-БЕН-6,76.1,2022-10-27 16:00:00
1600,КСУ-БЕН-5,92.9,2022-10-27 22:00:00
1601,КСУ-БЕН-2,112.5,2022-10-28 04:00:00
1602,КСУ-БЕН-1,77.6,2022-10-28 10:00:00
1603,КСУ-БЕН-5,70.3,2022-10-28 16:00:00
1604,КСУ-БЕН-2,78.6,2022-10-28 22:00:00
1605,КСУ-БЕН-1,176.2,2022-10-29 04:00:00
1606,КСУ-БЕН-5,70.7,2022-10-29 10:00:00
1607,КСУ-БЕН-2,77.9,2022-10-29 16:00:00
1608,КСУ-БЕН-1,77,2022-10-29 22:00:00
1609,КСУ-БЕН-5,68.6,2022-10-30 04:00:00
1610,КСУ-БЕН-2,81.8,2022-10-30 10:00:00
1611,КСУ-БЕН-1,88.7,2022-10-30 16:00:00
1612,КСУ-БЕН-5,62.6,2022-10-30 22:00:00
1613,КСУ-БЕН-3,60.3,2022-10-31 04:00:00
1614,КСУ-БЕН-1,55.9,2022-10-31 10:00:00
1615,КСУ-БЕН-5,71.7,2022-10-31 16:00:00
1616,КСУ-БЕН-3,86.9,2022-10-31 22:00:00
1617,КСУ-БЕН-1,62.2,2022-11-01 04:00:00
1618,КСУ-БЕН-5,90.2,2022-11-01 10:00:00
1619,КСУ-БЕН-3,61.7,2022-11-01 16:00:00
1620,КСУ-БЕН-1,100.5,2022-11-01 22:00:00
1621,КСУ-БЕН-5,139.1,2022-11-02 04:00:00
1622,КСУ-БЕН-3,123.5,2022-11-02 10:00:00
1623,КСУ-БЕН-2,59,2022-11-02 16:00:00
1624,КСУ-БЕН-6,158.4,2022-11-02 22:00:00
1625,КСУ-БЕН-5,109,2022-11-03 04:00:00
1626,КСУ-БЕН-2,76.5,2022-11-03 10:00:00
1627,КСУ-БЕН-6,78.2,2022-11-03 16:00:00
1628,КСУ-БЕН-5,102.3,2022-11-03 22:00:00
1629,КСУ-БЕН-2,90.1,2022-11-04 04:00:00
1630,КСУ-БЕН-6,108.8,2022-11-04 10:00:00
1631,КСУ-БЕН-3,83.2,2022-11-04 16:00:00
1632,КСУ-БЕН-2,229.7,2022-11-04 22:00:00
1633,КСУ-БЕН-6,203.3,2022-11-05 04:00:00
1634,КСУ-БЕН-3,133.5,2022-11-05 10:00:00
1635,КСУ-БЕН-2,87.2,2022-11-05 16:00:00
1636,КСУ-БЕН-6,60.9,2022-11-05 22:00:00
1637,КСУ-БЕН-5,63.8,2022-11-06 04:00:00
1638,КСУ-БЕН-2,77.6,2022-11-06 10:00:00
1639,КСУ-БЕН-6,70.5,2022-11-06 16:00:00
1640,КСУ-БЕН-5,120.4,2022-11-06 22:00:00
1641,КСУ-БЕН-2,100.5,2022-11-07 04:00:00
1642,КСУ-БЕН-1,77.6,2022-11-07 10:00:00
1643,КСУ-БЕН-5,110,2022-11-07 16:00:00
1644,КСУ-БЕН-2,62.5,2022-11-07 22:00:00
1645,КСУ-БЕН-1,135,2022-11-08 04:00:00
1646,КСУ-БЕН-5,107.7,2022-11-08 10:00:00
1647,КСУ-БЕН-2,71.4,2022-11-08 16:00:00
1648,КСУ-БЕН-1,121.8,2022-11-08 22:00:00
1649,КСУ-БЕН-6,69.4,2022-11-09 04:00:00
1650,КСУ-БЕН-3,212.8,2022-11-09 10:00:00
1651,КСУ-БЕН-1,150.9,2022-11-09 16:00:00
1652,КСУ-БЕН-6,136.8,2022-11-09 22:00:00
1653,КСУ-БЕН-4,146.7,2022-11-10 04:00:00
1654,КСУ-БЕН-1,71.8,2022-11-10 10:00:00
1655,КСУ-БЕН-5,77.5,2022-11-10 16:00:00
1656,КСУ-БЕН-3,113.3,2022-11-10 22:00:00
1657,КСУ-БЕН-2,103.7,2022-11-11 04:00:00
1658,КСУ-БЕН-6,109.6,2022-11-11 10:00:00
1659,КСУ-БЕН-3,66.1,2022-11-11 16:00:00
1660,КСУ-БЕН-2,71,2022-11-11 22:00:00
1661,КСУ-БЕН-6,64.1,2022-11-12 04:00:00
1662,КСУ-БЕН-5,65.9,2022-11-12 10:00:00
1663,КСУ-БЕН-2,64.6,2022-11-12 16:00:00
1664,КСУ-БЕН-1,78.4,2022-11-12 22:00:00
1665,КСУ-БЕН-5,124.3,2022-11-13 04:00:00
1666,КСУ-БЕН-2,72.8,2022-11-13 10:00:00
1667,КСУ-БЕН-6,72.6,2022-11-13 16:00:00
1668,КСУ-БЕН-5,75.8,2022-11-13 22:00:00
1669,КСУ-БЕН-2,66.4,2022-11-14 04:00:00
1670,КСУ-БЕН-6,72.1,2022-11-14 10:00:00
1671,КСУ-БЕН-3,71.7,2022-11-14 16:00:00
1672,КСУ-БЕН-2,159.8,2022-11-14 22:00:00
1673,КСУ-БЕН-6,158.4,2022-11-15 04:00:00
1674,АСН-5,83.7,2022-11-15 04:55:00
1675,КСУ-БЕН-3,112.6,2022-11-15 10:00:00
1676,КСУ-БЕН-2,115.4,2022-11-15 16:00:00
1677,КСУ-БЕН-6,91,2022-11-15 22:00:00
1678,КСУ-БЕН-5,65.8,2022-11-16 04:00:00
1679,КСУ-БЕН-2,69.7,2022-11-16 10:00:00
1680,КСУ-БЕН-6,63.3,2022-11-16 16:00:00
1681,КСУ-БЕН-3,98.2,2022-11-16 22:00:00
1682,КСУ-БЕН-2,106.5,2022-11-17 04:00:00
1683,КСУ-БЕН-6,98.5,2022-11-17 10:00:00
1684,КСУ-БЕН-3,76.9,2022-11-17 16:00:00
1685,КСУ-БЕН-2,88,2022-11-17 22:00:00
1686,КСУ-БЕН-6,58.6,2022-11-18 04:00:00
1687,КСУ-БЕН-3,70.1,2022-11-18 10:00:00
1688,КСУ-БЕН-1,68.2,2022-11-18 16:00:00
1689,КСУ-БЕН-3,152.3,2022-11-19 04:00:00
1690,АСН-5,51.4,2022-11-19 04:56:00
1691,КСУ-БЕН-1,156.3,2022-11-19 10:00:00
1692,КСУ-БЕН-5,160.7,2022-11-19 16:00:00
1693,АСН-6,85.1,2022-11-19 17:00:00
1694,КСУ-БЕН-3,105.6,2022-11-19 22:00:00
1695,КСУ-БЕН-1,91.8,2022-11-20 04:00:00
1696,КСУ-БЕН-5,71.2,2022-11-20 10:00:00
1697,КСУ-БЕН-2,51,2022-11-20 16:00:00
1698,КСУ-БЕН-1,160.7,2022-11-20 22:00:00
1699,АСН-6,67.6,2022-11-20 23:20:00
1700,КСУ-БЕН-5,123.4,2022-11-21 04:00:00
1701,КСУ-БЕН-2,114.7,2022-11-21 10:00:00
1702,КСУ-БЕН-6,130.8,2022-11-21 16:00:00
1703,КСУ-БЕН-5,121.5,2022-11-21 22:00:00
1704,КСУ-БЕН-2,91.5,2022-11-22 04:00:00
1705,КСУ-БЕН-6,77,2022-11-22 10:00:00
1706,КСУ-БЕН-5,80.8,2022-11-22 16:00:00
1707,КСУ-БЕН-2,141.7,2022-11-22 22:00:00
1708,КСУ-БЕН-1,82.3,2022-11-23 04:00:00
1709,КСУ-БЕН-5,99.6,2022-11-23 10:00:00
1710,КСУ-БЕН-2,101.3,2022-11-23 16:00:00
1711,КСУ-БЕН-6,81.2,2022-11-23 22:00:00
1712,КСУ-БЕН-5,69.9,2022-11-24 04:00:00
1713,КСУ-БЕН-2,61.1,2022-11-24 10:00:00
1714,КСУ-БЕН-6,57.8,2022-11-24 16:00:00
1715,КСУ-БЕН-5,122.1,2022-11-24 22:00:00
1716,КСУ-БЕН-2,58.2,2022-11-25 04:00:00
1717,КСУ-БЕН-6,59.1,2022-11-25 10:00:00
1718,КСУ-БЕН-5,92.6,2022-11-25 16:00:00
1719,КСУ-БЕН-2,112.6,2022-11-25 22:00:00
1720,КСУ-БЕН-6,73.5,2022-11-26 04:00:00
1721,КСУ-БЕН-5,59,2022-11-26 10:00:00
1722,КСУ-БЕН-3,56.2,2022-11-26 16:00:00
1723,КСУ-БЕН-1,85.9,2022-11-26 22:00:00
1724,КСУ-БЕН-5,125.1,2022-11-27 04:00:00
1725,КСУ-БЕН-3,75,2022-11-27 10:00:00
1726,КСУ-БЕН-2,72.9,2022-11-27 16:00:00
1727,КСУ-БЕН-6,85.1,2022-11-27 22:00:00
1728,КСУ-БЕН-3,68.3,2022-11-28 04:00:00
1729,КСУ-БЕН-1,74,2022-11-28 10:00:00
1730,КСУ-БЕН-6,53.7,2022-11-28 16:00:00
1731,КСУ-БЕН-3,80.9,2022-11-28 22:00:00
1732,КСУ-БЕН-2,75.2,2022-11-29 04:00:00
1733,КСУ-БЕН-1,68.5,2022-11-29 10:00:00
1734,КСУ-БЕН-5,68.9,2022-11-29 16:00:00
1735,КСУ-БЕН-2,64.9,2022-11-29 22:00:00
1736,КСУ-БЕН-1,61.4,2022-11-30 04:00:00
1737,КСУ-БЕН-5,66.2,2022-11-30 10:00:00
1738,КСУ-БЕН-3,59.6,2022-11-30 16:00:00
1739,КСУ-БЕН-1,82.4,2022-11-30 22:00:00
1740,КСУ-БЕН-2,112.2,2022-12-01 01:00:00
1741,КСУ-БЕН-5,82.7,2022-12-01 04:00:00
1742,КСУ-БЕН-2,147.3,2022-12-01 10:00:00
1743,КСУ-БЕН-2,129.4,2022-12-01 16:00:00
1744,КСУ-БЕН-6,124.6,2022-12-01 22:00:00
1745,КСУ-БЕН-3,116.5,2022-12-02 04:00:00
1746,КСУ-БЕН-2,91.3,2022-12-02 10:00:00
1747,КСУ-БЕН-1,113.1,2022-12-02 16:00:00
1748,КСУ-БЕН-5,147.6,2022-12-02 22:00:00
1749,КСУ-БЕН-2,108.9,2022-12-03 04:00:00
1750,КСУ-БЕН-6,109.2,2022-12-03 10:00:00
1751,КСУ-БЕН-5,100.6,2022-12-03 16:00:00
1752,КСУ-БЕН-2,61.2,2022-12-03 22:00:00
1753,КСУ-БЕН-1,68.4,2022-12-04 04:00:00
1754,КСУ-БЕН-5,64.5,2022-12-04 10:00:00
1755,КСУ-БЕН-2,66.5,2022-12-04 16:00:00
1756,КСУ-БЕН-1,66.5,2022-12-04 22:00:00
1757,КСУ-БЕН-5,63,2022-12-05 04:00:00
1758,АСН-6,79.6,2022-12-05 08:20:00
1759,КСУ-БЕН-3,83.9,2022-12-05 10:00:00
1760,КСУ-БЕН-1,81.6,2022-12-05 16:00:00
1761,КСУ-БЕН-5,63.3,2022-12-05 22:00:00
1762,КСУ-БЕН-3,62.5,2022-12-06 04:00:00
1763,КСУ-БЕН-1,86.1,2022-12-06 10:00:00
1764,КСУ-БЕН-6,77.5,2022-12-06 16:00:00
1765,КСУ-БЕН-3,94.9,2022-12-06 22:00:00
1766,КСУ-БЕН-2,93.2,2022-12-07 04:00:00
1767,КСУ-БЕН-6,66.4,2022-12-07 10:00:00
1768,КСУ-БЕН-3,66.1,2022-12-07 16:00:00
1769,КСУ-БЕН-2,66.4,2022-12-07 22:00:00
1770,КСУ-БЕН-6,55.1,2022-12-08 04:00:00
1771,КСУ-БЕН-3,65.9,2022-12-08 10:00:00
1772,КСУ-БЕН-2,137.5,2022-12-08 16:00:00
1773,КСУ-БЕН-6,109.1,2022-12-08 22:00:00
1774,КСУ-БЕН-2,53.9,2022-12-09 04:00:00
1775,КСУ-БЕН-1,56.5,2022-12-09 10:00:00
1776,КСУ-БЕН-6,51.1,2022-12-09 16:00:00
1777,КСУ-БЕН-5,54.4,2022-12-09 22:00:00
1778,КСУ-БЕН-2,53.9,2022-12-10 04:00:00
1779,КСУ-БЕН-1,56.5,2022-12-10 10:00:00
1780,КСУ-БЕН-6,51.1,2022-12-10 16:00:00
1781,КСУ-БЕН-3,76.9,2022-12-10 22:00:00
1782,КСУ-БЕН-2,79.5,2022-12-11 04:00:00
1783,КСУ-БЕН-6,66.6,2022-12-11 10:00:00
1784,КСУ-БЕН-4,65,2022-12-11 16:00:00
1785,КСУ-БЕН-3,63.7,2022-12-11 22:00:00
1786,КСУ-БЕН-1,65.6,2022-12-12 04:00:00
1787,КСУ-БЕН-5,61,2022-12-12 10:00:00
1788,КСУ-БЕН-3,89.4,2022-12-12 16:00:00
1789,КСУ-БЕН-1,104.6,2022-12-12 22:00:00
1790,АСН-6,84,2022-12-13 00:10:00
1791,КСУ-БЕН-6,123,2022-12-13 04:00:00
1792,КСУ-БЕН-5,107.9,2022-12-13 10:00:00
1793,КСУ-БЕН-3,147.6,2022-12-13 16:00:00
1794,КСУ-БЕН-1,100.3,2022-12-13 22:00:00
1795,КСУ-БЕН-5,69.4,2022-12-14 04:00:00
1796,КСУ-БЕН-3,85.4,2022-12-14 10:00:00
1797,КСУ-БЕН-2,79.5,2022-12-14 16:00:00
1798,КСУ-БЕН-6,91,2022-12-14 22:00:00
1799,КСУ-БЕН-3,71.6,2022-12-15 04:00:00
1800,КСУ-БЕН-2,49.9,2022-12-15 10:00:00
1801,КСУ-БЕН-1,61.4,2022-12-15 16:00:00
1802,КСУ-БЕН-5,80,2022-12-15 22:00:00
1803,КСУ-БЕН-5,148.5,2022-12-16 04:00:00
1804,КСУ-БЕН-3,72.7,2022-12-16 10:00:00
1805,КСУ-БЕН-3,66,2022-12-16 16:00:00
1806,КСУ-БЕН-1,176.9,2022-12-16 22:00:00
1807,КСУ-БЕН-3,179.2,2022-12-17 00:00:00
1808,АСН-5,88.5,2022-12-17 02:20:00
1809,КСУ-БЕН-2,122.4,2022-12-17 04:00:00
1810,КСУ-БЕН-1,83,2022-12-17 10:00:00
1811,КСУ-БЕН-1,73.5,2022-12-17 16:00:00
1812,КСУ-БЕН-1,54.2,2022-12-17 22:00:00
1813,КСУ-БЕН-5,65.6,2022-12-18 04:00:00
1814,КСУ-БЕН-3,61.4,2022-12-18 10:00:00
1815,КСУ-БЕН-2,75.7,2022-12-18 15:00:00
1816,КСУ-БЕН-2,78.7,2022-12-18 22:00:00
1817,КСУ-БЕН-2,90.4,2022-12-19 04:00:00
1818,КСУ-БЕН-5,66.7,2022-12-19 10:00:00
1819,КСУ-БЕН-3,91.5,2022-12-19 16:00:00
1820,КСУ-БЕН-1,107.9,2022-12-19 22:00:00
1821,КСУ-БЕН-6,87.4,2022-12-20 04:00:00
1822,КСУ-БЕН-5,89.8,2022-12-20 10:00:00
1823,КСУ-БЕН-2,78.1,2022-12-20 16:00:00
1824,КСУ-БЕН-6,77.9,2022-12-20 22:00:00
1825,,с,
1826,КСУ-БЕН-5,70.2,2022-12-21 04:00:00
1827,АСН-6,98.3,2022-12-21 08:05:00
1828,КСУ-БЕН-3,151.6,2022-12-21 10:00:00
1829,КСУ-БЕН-1,78.4,2022-12-21 15:00:00
1830,КСУ-БЕН-6,133.4,2022-12-21 22:00:00
1831,КСУ-БЕН-5,96.6,2022-12-22 04:00:00
1832,КСУ-БЕН-3,86,2022-12-22 10:00:00
1833,КСУ-БЕН-1,74.4,2022-12-22 16:00:00
1834,КСУ-БЕН-6,78.7,2022-12-22 22:00:00
1835,КСУ-БЕН-3,80.2,2022-12-23 04:00:00
1836,КСУ-БЕН-2,68.2,2022-12-23 10:00:00
1837,КСУ-БЕН-2,70.1,2022-12-23 16:00:00
1838,КСУ-БЕН-6,67.7,2022-12-23 22:00:00
1839,КСУ-БЕН-5,70.6,2022-12-24 04:00:00
1840,КСУ-БЕН-3,76,2022-12-24 10:00:00
1841,КСУ-БЕН-3,75.9,2022-12-24 16:00:00
1842,КСУ-БЕН-3,94,2022-12-24 22:00:00
1843,КСУ-БЕН-2,100.3,2022-12-25 04:00:00
1844,КСУ-БЕН-1,102.5,2022-12-25 10:00:00
1845,КСУ-БЕН-6,77.6,2022-12-25 16:00:00
1846,КСУ-БЕН-5,99.7,2022-12-25 22:00:00
1847,КСУ-БЕН-3,96.9,2022-12-26 04:00:00
1848,КСУ-БЕН-2,76.2,2022-12-26 10:00:00
1849,КСУ-БЕН-6,81.7,2022-12-26 16:00:00
1850,КСУ-БЕН-5,109.7,2022-12-26 22:00:00
1851,КСУ-БЕН-3,115,2022-12-27 04:00:00
1852,КСУ-БЕН-2,98.1,2022-12-27 10:00:00
1853,КСУ-БЕН-6,100.3,2022-12-27 16:00:00
1854,КСУ-БЕН-3,71,2022-12-27 22:00:00
1855,КСУ-БЕН-1,84.1,2022-12-28 04:00:00
1856,КСУ-БЕН-6,84.3,2022-12-28 10:00:00
1857,КСУ-БЕН-3,82.3,2022-12-28 16:00:00
1858,КСУ-БЕН-2,72.8,2022-12-28 22:00:00
1859,КСУ-БЕН-6,90.8,2022-12-29 04:00:00
1860,КСУ-БЕН-5,81,2022-12-29 10:00:00
1861,КСУ-БЕН-3,79.3,2022-12-29 16:00:00
1862,КСУ-БЕН-2,77.9,2022-12-29 22:00:00
1863,КСУ-БЕН-6,79.8,2022-12-30 04:00:00
1864,КСУ-БЕН-5,73.9,2022-12-30 10:00:00
1865,КСУ-БЕН-2,100.2,2022-12-30 16:00:00
1866,КСУ-БЕН-1,97.8,2022-12-30 22:00:00
1867,КСУ-БЕН-6,94.5,2022-12-31 04:00:00
1868,КСУ-БЕН-3,91.2,2022-12-31 10:00:00
1869,КСУ-БЕН-2,89.5,2022-12-31 16:00:00
1870,КСУ-БЕН-6,141.4,2022-12-31 22:00:00
